Method,case_id,Lsel,Rmax,centroid_heap_k,max_score,calib_heap_front_alpha,repeats,Q,D_logits,D_in,enum_ms_p50,refine_ms_p50,total_ms_p50,total_qps_p50,refined_vecs_p50,refined_vecs_mean,recall_p50
NeuRoute,14,16,6,5000,0.41,0.7,1,10000,20,128,558.655524,3147.756856,3752.034632,2665.220602,2559885680,2559885680,0.95904
NeuRoute,10,16,6,4500,0.41,0.7,1,10000,20,128,551.241671,2927.144684,3521.705187,2839.533541,2376847936,2376847936,0.95663
NeuRoute,22,15,6,5000,0.41,0.7,1,10000,20,128,475.958852,3005.535258,3524.194027,2837.528219,2461245207,2461245207,0.95281
NeuRoute,18,15,6,4500,0.41,0.7,1,10000,20,128,473.945035,2782.051696,3296.984769,3033.07437,2284919956,2284919956,0.95084
NeuRoute,14,16,6,5000,0.41,0.7,1,10000,20,128,444.007768,2572.70569,3057.879431,3270.240121,2080716968,2080716968,0.94951
NeuRoute,10,16,6,4500,0.41,0.7,1,10000,20,128,445.336556,2437.437288,2922.243477,3422.028342,1973054458,1973054458,0.94769
NeuRoute,10,16,6,4000,0.41,0.7,1,10000,20,128,440.362383,2307.346051,2785.717971,3589.738841,1853678715,1853678715,0.94528
NeuRoute,22,15,6,5000,0.41,0.7,1,10000,20,128,377.409801,2403.557537,2818.940956,3547.43152,1962672977,1962672977,0.94309
NeuRoute,8,16,6,3500,0.41,0.7,1,10000,20,128,436.077204,2146.033122,2619.159356,3818.018929,1722161488,1722161488,0.94217
NeuRoute,18,15,6,4500,0.41,0.7,1,10000,20,128,375.970193,2279.243123,2691.225748,3715.778956,1864276520,1864276520,0.94167
NeuRoute,16,15,6,4000,0.41,0.7,1,10000,20,128,374.954503,2142.502823,2553.216852,3916.62776,1753534481,1753534481,0.93958
NeuRoute,6,16,6,3000,0.41,0.7,1,10000,20,128,427.771465,1966.720724,2430.062128,4115.121126,1577752193,1577752193,0.93719
NeuRoute,15,16,6,5000,0.41,0.5,1,10000,20,128,385.260344,2694.006787,3121.455035,3203.634167,2216163501,2216163501,0.9365
NeuRoute,14,15,6,3500,0.41,0.7,1,10000,20,128,372.194412,2005.637958,2410.984614,4147.683043,1629119362,1629119362,0.93645
NeuRoute,11,16,6,4500,0.41,0.5,1,10000,20,128,387.628637,2528.099668,2955.759945,3383.224682,2085696989,2085696989,0.93512
NeuRoute,12,16,6,5000,0.29,0.7,1,10000,20,128,310.044199,2467.343266,2811.866272,3556.356893,2093606292,2093606292,0.93342
NeuRoute,8,16,6,4500,0.29,0.7,1,10000,20,128,309.386111,2341.348462,2684.656925,3724.87073,1967643567,1967643567,0.93261
NeuRoute,52,15,6,3000,0.41,0.7,1,10000,20,128,366.933004,1837.645632,2236.058617,4472.154676,1490618387,1490618387,0.93231
NeuRoute,52,15,6,3000,0.41,0.7,1,10000,20,128,366.933004,1837.645632,2236.058617,4472.154676,1490618387,1490618387,0.93231
NeuRoute,12,15,6,3000,0.41,0.7,1,10000,20,128,367.844342,1826.498025,2226.594628,4491.163265,1490618387,1490618387,0.93231
NeuRoute,6,16,5,5000,0.41,0.7,1,10000,20,128,384.5033,2845.145645,3269.091777,3058.953582,2360253616,2360253616,0.93074
NeuRoute,23,15,6,5000,0.41,0.5,1,10000,20,128,331.369922,2533.353298,2903.684677,3443.900117,2115682321,2115682321,0.93062
NeuRoute,19,15,6,4500,0.41,0.5,1,10000,20,128,333.51687,2390.069292,2760.910861,3621.993068,1990764635,1990764635,0.92959
NeuRoute,2,16,5,4500,0.41,0.7,1,10000,20,128,384.391158,2657.478896,3079.830651,3246.931774,2194307265,2194307265,0.92949
NeuRoute,20,15,6,5000,0.29,0.7,1,10000,20,128,281.354768,2405.990482,2721.368591,3674.621671,2048892539,2048892539,0.92847
NeuRoute,16,15,6,4500,0.29,0.7,1,10000,20,128,285.833581,2275.905065,2594.071689,3854.943579,1928479105,1928479105,0.92771
NeuRoute,12,16,6,5000,0.29,0.7,1,10000,20,128,261.911525,1942.672852,2235.293105,4473.686237,1631617614,1631617614,0.92504
NeuRoute,8,16,6,4500,0.29,0.7,1,10000,20,128,263.048744,1872.665874,2165.629312,4617.595423,1563380235,1563380235,0.92435
NeuRoute,106,14,6,3000,0.41,0.7,1,10000,20,128,302.978239,1696.440648,2027.185224,4932.948347,1396967784,1396967784,0.92234
NeuRoute,106,14,6,3000,0.41,0.7,1,10000,20,128,302.978239,1696.440648,2027.185224,4932.948347,1396967784,1396967784,0.92234
NeuRoute,6,16,5,5000,0.41,0.7,1,10000,20,128,300.793613,2192.639515,2527.43562,3956.579515,1821260641,1821260641,0.9211
NeuRoute,2,16,5,4500,0.41,0.7,1,10000,20,128,302.062349,2096.207083,2431.669161,4112.401539,1741228638,1741228638,0.92029
NeuRoute,20,15,6,5000,0.29,0.7,1,10000,20,128,239.972789,1875.004261,2146.852422,4657.982029,1581578672,1581578672,0.92019
NeuRoute,16,15,6,4500,0.29,0.7,1,10000,20,128,242.943686,1794.556178,2066.32534,4839.508961,1518562388,1518562388,0.91964
NeuRoute,4,16,5,4000,0.41,0.7,1,10000,20,128,301.253287,1995.421896,2328.79163,4294.072459,1646106143,1646106143,0.91905
NeuRoute,2,16,5,3500,0.41,0.7,1,10000,20,128,300.828148,1866.433935,2198.091828,4549.400472,1534587757,1534587757,0.91717
NeuRoute,46,15,6,2000,0.41,0.7,1,10000,20,128,338.569242,1450.310379,1816.309606,5505.66928,1168408512,1168408512,0.9168
NeuRoute,46,15,6,2000,0.41,0.7,1,10000,20,128,338.569242,1450.310379,1816.309606,5505.66928,1168408512,1168408512,0.9168
NeuRoute,50,15,6,3000,0.29,0.7,1,10000,20,128,242.958553,1498.792136,1766.459598,5661.040882,1247280478,1247280478,0.91444
NeuRoute,50,15,6,3000,0.29,0.7,1,10000,20,128,242.958553,1498.792136,1766.459598,5661.040882,1247280478,1247280478,0.91444
NeuRoute,0,16,5,3000,0.41,0.7,1,10000,20,128,300.305285,1703.259274,2033.351153,4917.989687,1406319088,1406319088,0.91412
NeuRoute,4,16,5,5000,0.29,0.7,1,10000,20,128,240.274867,2316.402491,2589.559794,3861.660203,1989493437,1989493437,0.91017
NeuRoute,0,16,5,4500,0.29,0.7,1,10000,20,128,244.545619,2204.566414,2481.264935,4030.202442,1879900481,1879900481,0.90967
NeuRoute,7,16,5,5000,0.41,0.5,1,10000,20,128,261.675452,2384.250711,2681.720242,3728.94974,2009394077,2009394077,0.90945
NeuRoute,13,16,6,5000,0.29,0.5,1,10000,20,128,251.973527,2114.802172,2398.9278,4168.528957,1798902601,1798902601,0.90927
NeuRoute,100,14,6,2000,0.41,0.7,1,10000,20,128,285.610556,1328.320452,1638.768218,6102.144214,1088572022,1088572022,0.90898
NeuRoute,100,14,6,2000,0.41,0.7,1,10000,20,128,285.610556,1328.320452,1638.768218,6102.144214,1088572022,1088572022,0.90898
NeuRoute,160,15,5,3000,0.41,0.7,1,10000,20,128,262.443417,1625.223035,1914.383657,5223.613336,1345703474,1345703474,0.90872
NeuRoute,160,15,5,3000,0.41,0.7,1,10000,20,128,262.443417,1625.223035,1914.383657,5223.613336,1345703474,1345703474,0.90872
NeuRoute,9,16,6,4500,0.29,0.5,1,10000,20,128,253.010176,2000.286294,2283.93199,4378.414088,1697040170,1697040170,0.90867
NeuRoute,3,16,5,4500,0.41,0.5,1,10000,20,128,263.777775,2249.14268,2547.874275,3924.840444,1895334954,1895334954,0.90866
NeuRoute,104,14,6,3000,0.29,0.7,1,10000,20,128,215.721572,1435.361777,1674.210221,5972.965566,1205191423,1205191423,0.90624
NeuRoute,104,14,6,3000,0.29,0.7,1,10000,20,128,215.721572,1435.361777,1674.210221,5972.965566,1205191423,1205191423,0.90624
NeuRoute,21,15,6,5000,0.29,0.5,1,10000,20,128,228.244775,2046.967909,2306.432944,4335.69943,1755027830,1755027830,0.90436
NeuRoute,17,15,6,4500,0.29,0.5,1,10000,20,128,230.423512,1943.194754,2204.339106,4536.507098,1659127420,1659127420,0.90382
NeuRoute,15,16,6,5000,0.41,0.5,1,10000,20,128,265.713685,1958.281995,2260.319618,4424.15308,1608584408,1608584408,0.9032
NeuRoute,44,15,6,2000,0.29,0.7,1,10000,20,128,237.453931,1174.840083,1434.563536,6970.761315,975462277,975462277,0.90309
NeuRoute,44,15,6,2000,0.29,0.7,1,10000,20,128,237.453931,1174.840083,1434.563536,6970.761315,975462277,975462277,0.90309
NeuRoute,11,16,6,4500,0.41,0.5,1,10000,20,128,269.504845,1892.186202,2197.13596,4551.379697,1554623956,1554623956,0.90264
NeuRoute,11,16,6,4000,0.41,0.5,1,10000,20,128,267.966612,1828.084388,2130.257415,4694.268369,1492687330,1492687330,0.90185
NeuRoute,4,16,5,5000,0.29,0.7,1,10000,20,128,205.013057,1764.582893,1997.268569,5006.837916,1497680136,1497680136,0.90178
NeuRoute,0,16,5,4500,0.29,0.7,1,10000,20,128,206.202895,1702.712816,1936.449198,5164.091064,1447156697,1447156697,0.90141
NeuRoute,9,16,6,3500,0.41,0.5,1,10000,20,128,268.976341,1743.224118,2045.424196,4888.961429,1420934928,1420934928,0.90059
NeuRoute,7,16,6,3000,0.41,0.5,1,10000,20,128,268.663192,1643.964199,1945.199473,5140.860944,1338506882,1338506882,0.89853
NeuRoute,23,15,6,5000,0.41,0.5,1,10000,20,128,230.223736,1817.295229,2080.388837,4806.793722,1507299309,1507299309,0.89852
NeuRoute,154,15,5,2000,0.41,0.7,1,10000,20,128,252.748675,1266.878233,1542.944409,6481.114901,1047712244,1047712244,0.898
NeuRoute,154,15,5,2000,0.41,0.7,1,10000,20,128,252.748675,1266.878233,1542.944409,6481.114901,1047712244,1047712244,0.898
NeuRoute,19,15,6,4500,0.41,0.5,1,10000,20,128,232.8528,1751.287982,2022.840387,4943.543774,1457729388,1457729388,0.89791
NeuRoute,17,15,6,4000,0.41,0.5,1,10000,20,128,233.379832,1692.117993,1957.19464,5109.353866,1399434760,1399434760,0.8972
NeuRoute,15,15,6,3500,0.41,0.5,1,10000,20,128,234.609334,1616.591685,1882.124591,5313.144543,1331943482,1331943482,0.89615
NeuRoute,98,14,6,2000,0.29,0.7,1,10000,20,128,212.96092,1131.928993,1365.68981,7322.306959,947041528,947041528,0.89607
NeuRoute,98,14,6,2000,0.29,0.7,1,10000,20,128,212.96092,1131.928993,1365.68981,7322.306959,947041528,947041528,0.89607
NeuRoute,53,15,6,3000,0.41,0.5,1,10000,20,128,235.913715,1523.308992,1787.945144,5593.012757,1253259563,1253259563,0.89427
NeuRoute,53,15,6,3000,0.41,0.5,1,10000,20,128,235.913715,1523.308992,1787.945144,5593.012757,1253259563,1253259563,0.89427
NeuRoute,13,15,6,3000,0.41,0.5,1,10000,20,128,235.535074,1522.309738,1787.603053,5594.083084,1253259563,1253259563,0.89427
NeuRoute,158,15,5,3000,0.29,0.7,1,10000,20,128,194.333579,1401.603019,1618.748117,6177.613364,1180860792,1180860792,0.89378
NeuRoute,158,15,5,3000,0.29,0.7,1,10000,20,128,194.333579,1401.603019,1618.748117,6177.613364,1180860792,1180860792,0.89378
NeuRoute,5,16,5,5000,0.29,0.5,1,10000,20,128,192.022999,1950.617662,2172.112153,4603.813844,1688241507,1688241507,0.88627
NeuRoute,1,16,5,4500,0.29,0.5,1,10000,20,128,193.86316,1868.192532,2090.890325,4782.65162,1603033621,1603033621,0.88584
NeuRoute,107,14,6,3000,0.41,0.5,1,10000,20,128,200.398755,1386.684222,1612.507441,6201.52177,1162570320,1162570320,0.88574
NeuRoute,107,14,6,3000,0.41,0.5,1,10000,20,128,200.398755,1386.684222,1612.507441,6201.52177,1162570320,1162570320,0.88574
NeuRoute,152,15,5,2000,0.29,0.7,1,10000,20,128,193.205798,1108.211149,1321.868648,7565.048173,931767667,931767667,0.88559
NeuRoute,152,15,5,2000,0.29,0.7,1,10000,20,128,193.205798,1108.211149,1321.868648,7565.048173,931767667,931767667,0.88559
NeuRoute,47,15,6,2000,0.41,0.5,1,10000,20,128,232.695693,1295.701267,1555.305125,6429.606538,1056948574,1056948574,0.88552
NeuRoute,47,15,6,2000,0.41,0.5,1,10000,20,128,232.695693,1295.701267,1555.305125,6429.606538,1056948574,1056948574,0.88552
NeuRoute,48,15,6,3000,0.24,0.7,1,10000,20,128,170.791996,1253.507767,1445.404133,6918.480286,1065719228,1065719228,0.88117
NeuRoute,48,15,6,3000,0.24,0.7,1,10000,20,128,170.791996,1253.507767,1445.404133,6918.480286,1065719228,1065719228,0.88117
NeuRoute,7,16,5,5000,0.41,0.5,1,10000,20,128,187.180253,1637.013439,1853.782554,5394.375936,1378490179,1378490179,0.88017
NeuRoute,3,16,5,4500,0.41,0.5,1,10000,20,128,188.97076,1588.903849,1806.84625,5534.505219,1340496536,1340496536,0.87977
NeuRoute,5,16,5,4000,0.41,0.5,1,10000,20,128,191.602779,1543.277799,1763.356507,5671.002977,1293302869,1293302869,0.87946
NeuRoute,3,16,5,3500,0.41,0.5,1,10000,20,128,192.268531,1473.247256,1692.933176,5906.907692,1235892749,1235892749,0.8788
NeuRoute,101,14,6,2000,0.41,0.5,1,10000,20,128,198.399034,1180.349183,1402.615182,7129.539255,977388562,977388562,0.87847
NeuRoute,101,14,6,2000,0.41,0.5,1,10000,20,128,198.399034,1180.349183,1402.615182,7129.539255,977388562,977388562,0.87847
NeuRoute,1,16,5,3000,0.41,0.5,1,10000,20,128,193.796254,1393.864135,1614.623364,6193.394833,1167018710,1167018710,0.87771
NeuRoute,13,16,6,5000,0.29,0.5,1,10000,20,128,182.174039,1441.631192,1650.097333,6060.248568,1227479332,1227479332,0.87572
NeuRoute,9,16,6,4500,0.29,0.5,1,10000,20,128,184.734804,1397.322559,1607.818297,6219.608285,1186470769,1186470769,0.87539
NeuRoute,102,14,6,3000,0.24,0.7,1,10000,20,128,156.712808,1211.755908,1388.952288,7199.671354,1039416278,1039416278,0.8748
NeuRoute,102,14,6,3000,0.24,0.7,1,10000,20,128,156.712808,1211.755908,1388.952288,7199.671354,1039416278,1039416278,0.8748
NeuRoute,42,15,6,2000,0.24,0.7,1,10000,20,128,170.776437,1020.386784,1210.382535,8261.85087,865777039,865777039,0.87468
NeuRoute,42,15,6,2000,0.24,0.7,1,10000,20,128,170.776437,1020.386784,1210.382535,8261.85087,865777039,865777039,0.87468
NeuRoute,40,15,6,1000,0.41,0.7,1,10000,20,128,264.886562,999.029229,1287.704509,7765.756763,777308598,777308598,0.87342
NeuRoute,40,15,6,1000,0.41,0.7,1,10000,20,128,264.886562,999.029229,1287.704509,7765.756763,777308598,777308598,0.87342
NeuRoute,161,15,5,3000,0.41,0.5,1,10000,20,128,173.390753,1315.543834,1513.287416,6608.130018,1110825216,1110825216,0.87327
NeuRoute,161,15,5,3000,0.41,0.5,1,10000,20,128,173.390753,1315.543834,1513.287416,6608.130018,1110825216,1110825216,0.87327
NeuRoute,21,15,6,5000,0.29,0.5,1,10000,20,128,165.456311,1391.765229,1583.110995,6316.676488,1189243909,1189243909,0.87186
NeuRoute,17,15,6,4500,0.29,0.5,1,10000,20,128,166.294808,1348.25629,1539.496418,6495.630573,1151942806,1151942806,0.8715
NeuRoute,96,14,6,2000,0.24,0.7,1,10000,20,128,157.996262,996.906587,1173.951552,8518.23909,849135031,849135031,0.86924
NeuRoute,96,14,6,2000,0.24,0.7,1,10000,20,128,157.996262,996.906587,1173.951552,8518.23909,849135031,849135031,0.86924
NeuRoute,51,15,6,3000,0.29,0.5,1,10000,20,128,169.149437,1181.537128,1372.545082,7285.735187,995794879,995794879,0.86915
NeuRoute,51,15,6,3000,0.29,0.5,1,10000,20,128,169.149437,1181.537128,1372.545082,7285.735187,995794879,995794879,0.86915
NeuRoute,155,15,5,2000,0.41,0.5,1,10000,20,128,175.017332,1116.401903,1313.578598,7612.791511,935878980,935878980,0.86802
NeuRoute,155,15,5,2000,0.41,0.5,1,10000,20,128,175.017332,1116.401903,1313.578598,7612.791511,935878980,935878980,0.86802
NeuRoute,94,14,6,1000,0.41,0.7,1,10000,20,128,229.434199,881.607302,1132.395651,8830.835752,704772173,704772173,0.86767
NeuRoute,94,14,6,1000,0.41,0.7,1,10000,20,128,229.434199,881.607302,1132.395651,8830.835752,704772173,704772173,0.86767
NeuRoute,156,15,5,3000,0.24,0.7,1,10000,20,128,144.508156,1185.326684,1349.948636,7407.689251,1021040952,1021040952,0.86467
NeuRoute,156,15,5,3000,0.24,0.7,1,10000,20,128,144.508156,1185.326684,1349.948636,7407.689251,1021040952,1021040952,0.86467
NeuRoute,38,15,6,1000,0.29,0.7,1,10000,20,128,193.364626,756.430351,968.022146,10330.34217,617422581,617422581,0.86435
NeuRoute,38,15,6,1000,0.29,0.7,1,10000,20,128,193.364626,756.430351,968.022146,10330.34217,617422581,617422581,0.86435
NeuRoute,45,15,6,2000,0.29,0.5,1,10000,20,128,167.563524,1001.05093,1188.958023,8410.725868,845039757,845039757,0.86301
NeuRoute,45,15,6,2000,0.29,0.5,1,10000,20,128,167.563524,1001.05093,1188.958023,8410.725868,845039757,845039757,0.86301
NeuRoute,105,14,6,3000,0.29,0.5,1,10000,20,128,150.988994,1128.029279,1299.848066,7693.206815,958461127,958461127,0.86155
NeuRoute,105,14,6,3000,0.29,0.5,1,10000,20,128,150.988994,1128.029279,1299.848066,7693.206815,958461127,958461127,0.86155
NeuRoute,148,15,5,1000,0.41,0.7,1,10000,20,128,208.745291,824.204078,1052.482424,9501.346314,665680619,665680619,0.86057
NeuRoute,148,15,5,1000,0.41,0.7,1,10000,20,128,208.745291,824.204078,1052.482424,9501.346314,665680619,665680619,0.86057
NeuRoute,150,15,5,2000,0.24,0.7,1,10000,20,128,146.185409,985.350114,1150.017421,8695.520448,840447199,840447199,0.86012
NeuRoute,150,15,5,2000,0.24,0.7,1,10000,20,128,146.185409,985.350114,1150.017421,8695.520448,840447199,840447199,0.86012
NeuRoute,92,14,6,1000,0.29,0.7,1,10000,20,128,175.942842,722.852624,915.795688,10919.46613,596928562,596928562,0.85937
NeuRoute,92,14,6,1000,0.29,0.7,1,10000,20,128,175.942842,722.852624,915.795688,10919.46613,596928562,596928562,0.85937
NeuRoute,41,15,6,1000,0.41,0.5,1,10000,20,128,211.799455,993.128973,1228.568887,8139.551722,782490760,782490760,0.85728
NeuRoute,41,15,6,1000,0.41,0.5,1,10000,20,128,211.799455,993.128973,1228.568887,8139.551722,782490760,782490760,0.85728
NeuRoute,99,14,6,2000,0.29,0.5,1,10000,20,128,149.953406,959.89416,1129.787165,8851.224646,817573770,817573770,0.8566
NeuRoute,99,14,6,2000,0.29,0.5,1,10000,20,128,149.953406,959.89416,1129.787165,8851.224646,817573770,817573770,0.8566
NeuRoute,5,16,5,5000,0.29,0.5,1,10000,20,128,140.960677,1283.483905,1448.795024,6902.287649,1110940311,1110940311,0.85605
NeuRoute,1,16,5,4500,0.29,0.5,1,10000,20,128,142.215557,1261.297634,1426.795493,7008.712916,1083208921,1083208921,0.85575
NeuRoute,146,15,5,1000,0.29,0.7,1,10000,20,128,164.071618,705.3084,885.919723,11287.70445,583535013,583535013,0.85267
NeuRoute,146,15,5,1000,0.29,0.7,1,10000,20,128,164.071618,705.3084,885.919723,11287.70445,583535013,583535013,0.85267
NeuRoute,95,14,6,1000,0.41,0.5,1,10000,20,128,184.106556,875.658635,1080.786063,9252.524937,709783356,709783356,0.85183
NeuRoute,95,14,6,1000,0.41,0.5,1,10000,20,128,184.106556,875.658635,1080.786063,9252.524937,709783356,709783356,0.85183
NeuRoute,159,15,5,3000,0.29,0.5,1,10000,20,128,135.104681,1091.78621,1247.255529,8017.603264,932128185,932128185,0.85081
NeuRoute,159,15,5,3000,0.29,0.5,1,10000,20,128,135.104681,1091.78621,1247.255529,8017.603264,932128185,932128185,0.85081
NeuRoute,153,15,5,2000,0.29,0.5,1,10000,20,128,135.59889,939.040743,1093.516013,9144.813502,800340665,800340665,0.84733
NeuRoute,153,15,5,2000,0.29,0.5,1,10000,20,128,135.59889,939.040743,1093.516013,9144.813502,800340665,800340665,0.84733
NeuRoute,36,15,6,1000,0.24,0.7,1,10000,20,128,150.805678,666.203459,833.013887,12004.60179,557116346,557116346,0.8462
NeuRoute,36,15,6,1000,0.24,0.7,1,10000,20,128,150.805678,666.203459,833.013887,12004.60179,557116346,557116346,0.8462
NeuRoute,149,15,5,1000,0.41,0.5,1,10000,20,128,166.312301,821.042092,1007.111288,9929.389253,670661783,670661783,0.84518
NeuRoute,149,15,5,1000,0.41,0.5,1,10000,20,128,166.312301,821.042092,1007.111288,9929.389253,670661783,670661783,0.84518
NeuRoute,90,14,6,1000,0.24,0.7,1,10000,20,128,140.176519,652.600487,808.899076,12362.48167,547757853,547757853,0.84204
NeuRoute,90,14,6,1000,0.24,0.7,1,10000,20,128,140.176519,652.600487,808.899076,12362.48167,547757853,547757853,0.84204
NeuRoute,49,15,6,3000,0.24,0.5,1,10000,20,128,130.500242,1004.088153,1154.349318,8662.888992,862398160,862398160,0.84191
NeuRoute,49,15,6,3000,0.24,0.5,1,10000,20,128,130.500242,1004.088153,1154.349318,8662.888992,862398160,862398160,0.84191
NeuRoute,39,15,6,1000,0.29,0.5,1,10000,20,128,153.620993,747.929164,919.865302,10871.15687,622523115,622523115,0.84022
NeuRoute,39,15,6,1000,0.29,0.5,1,10000,20,128,153.620993,747.929164,919.865302,10871.15687,622523115,622523115,0.84022
NeuRoute,43,15,6,2000,0.24,0.5,1,10000,20,128,130.586444,869.953095,1018.552706,9817.852273,747302156,747302156,0.83813
NeuRoute,43,15,6,2000,0.24,0.5,1,10000,20,128,130.586444,869.953095,1018.552706,9817.852273,747302156,747302156,0.83813
NeuRoute,103,14,6,3000,0.24,0.5,1,10000,20,128,119.505606,974.746682,1113.441546,8981.162986,839880242,839880242,0.83619
NeuRoute,103,14,6,3000,0.24,0.5,1,10000,20,128,119.505606,974.746682,1113.441546,8981.162986,839880242,839880242,0.83619
NeuRoute,144,15,5,1000,0.24,0.7,1,10000,20,128,131.902388,644.898582,792.482451,12618.57595,541688728,541688728,0.83605
NeuRoute,144,15,5,1000,0.24,0.7,1,10000,20,128,131.902388,644.898582,792.482451,12618.57595,541688728,541688728,0.83605
NeuRoute,93,14,6,1000,0.29,0.5,1,10000,20,128,139.690055,715.798829,872.389697,11462.7672,601863703,601863703,0.8355
NeuRoute,93,14,6,1000,0.29,0.5,1,10000,20,128,139.690055,715.798829,872.389697,11462.7672,601863703,601863703,0.8355
NeuRoute,97,14,6,2000,0.24,0.5,1,10000,20,128,119.986049,850.026931,987.643226,10125.11374,731886474,731886474,0.83302
NeuRoute,97,14,6,2000,0.24,0.5,1,10000,20,128,119.986049,850.026931,987.643226,10125.11374,731886474,731886474,0.83302
NeuRoute,147,15,5,1000,0.29,0.5,1,10000,20,128,129.048321,696.790842,842.57082,11868.43855,588522120,588522120,0.82983
NeuRoute,147,15,5,1000,0.29,0.5,1,10000,20,128,129.048321,696.790842,842.57082,11868.43855,588522120,588522120,0.82983
NeuRoute,157,15,5,3000,0.24,0.5,1,10000,20,128,109.000519,947.402258,1074.81311,9303.943083,821893266,821893266,0.82779
NeuRoute,157,15,5,3000,0.24,0.5,1,10000,20,128,109.000519,947.402258,1074.81311,9303.943083,821893266,821893266,0.82779
NeuRoute,151,15,5,2000,0.24,0.5,1,10000,20,128,111.040967,833.817808,962.155213,10393.33349,722187582,722187582,0.82551
NeuRoute,151,15,5,2000,0.24,0.5,1,10000,20,128,111.040967,833.817808,962.155213,10393.33349,722187582,722187582,0.82551
NeuRoute,37,15,6,1000,0.24,0.5,1,10000,20,128,122.962817,661.028486,800.139743,12497.8169,561007852,561007852,0.82158
NeuRoute,37,15,6,1000,0.24,0.5,1,10000,20,128,122.962817,661.028486,800.139743,12497.8169,561007852,561007852,0.82158
NeuRoute,91,14,6,1000,0.24,0.5,1,10000,20,128,114.401827,642.879515,772.984093,12936.87683,551593646,551593646,0.81749
NeuRoute,91,14,6,1000,0.24,0.5,1,10000,20,128,114.401827,642.879515,772.984093,12936.87683,551593646,551593646,0.81749
NeuRoute,145,15,5,1000,0.24,0.5,1,10000,20,128,108.337782,635.547947,759.216641,13171.47104,545532033,545532033,0.81285
NeuRoute,145,15,5,1000,0.24,0.5,1,10000,20,128,108.337782,635.547947,759.216641,13171.47104,545532033,545532033,0.81285
NeuRoute,34,15,6,500,0.41,0.7,1,10000,20,128,157.235842,721.712279,899.827618,11113.23969,536302524,536302524,0.80006
NeuRoute,34,15,6,500,0.41,0.7,1,10000,20,128,157.235842,721.712279,899.827618,11113.23969,536302524,536302524,0.80006
NeuRoute,88,14,6,500,0.41,0.7,1,10000,20,128,139.77844,608.356009,767.026498,13037.35924,464173338,464173338,0.79621
NeuRoute,88,14,6,500,0.41,0.7,1,10000,20,128,139.77844,608.356009,767.026498,13037.35924,464173338,464173338,0.79621
NeuRoute,142,15,5,500,0.41,0.7,1,10000,20,128,128.640604,548.6951,695.060878,14387.22897,425230245,425230245,0.79194
NeuRoute,142,15,5,500,0.41,0.7,1,10000,20,128,128.640604,548.6951,695.060878,14387.22897,425230245,425230245,0.79194
NeuRoute,32,15,6,500,0.29,0.7,1,10000,20,128,111.870406,478.608212,606.26116,16494.54173,379604192,379604192,0.78105
NeuRoute,32,15,6,500,0.29,0.7,1,10000,20,128,111.870406,478.608212,606.26116,16494.54173,379604192,379604192,0.78105
NeuRoute,86,14,6,500,0.29,0.7,1,10000,20,128,102.963365,447.924989,565.515192,17682.99091,359826855,359826855,0.77823
NeuRoute,86,14,6,500,0.29,0.7,1,10000,20,128,102.963365,447.924989,565.515192,17682.99091,359826855,359826855,0.77823
NeuRoute,35,15,6,500,0.41,0.5,1,10000,20,128,136.144737,720.777973,878.088265,11388.37677,538257335,538257335,0.77745
NeuRoute,35,15,6,500,0.41,0.5,1,10000,20,128,136.144737,720.777973,878.088265,11388.37677,538257335,538257335,0.77745
NeuRoute,140,15,5,500,0.29,0.7,1,10000,20,128,97.096432,427.781948,539.196276,18546.12216,346245328,346245328,0.77429
NeuRoute,140,15,5,500,0.29,0.7,1,10000,20,128,97.096432,427.781948,539.196276,18546.12216,346245328,346245328,0.77429
NeuRoute,89,14,6,500,0.41,0.5,1,10000,20,128,120.410326,603.676208,742.798915,13462.59371,466081358,466081358,0.77386
NeuRoute,89,14,6,500,0.41,0.5,1,10000,20,128,120.410326,603.676208,742.798915,13462.59371,466081358,466081358,0.77386
NeuRoute,143,15,5,500,0.41,0.5,1,10000,20,128,110.645753,546.85036,674.688416,14821.65658,427156411,427156411,0.76948
NeuRoute,143,15,5,500,0.41,0.5,1,10000,20,128,110.645753,546.85036,674.688416,14821.65658,427156411,427156411,0.76948
NeuRoute,30,15,6,500,0.24,0.7,1,10000,20,128,90.904938,400.193484,503.963506,19842.70663,328611067,328611067,0.76223
NeuRoute,30,15,6,500,0.24,0.7,1,10000,20,128,90.904938,400.193484,503.963506,19842.70663,328611067,328611067,0.76223
NeuRoute,84,14,6,500,0.24,0.7,1,10000,20,128,85.253871,386.021432,484.188567,20653.11055,320454003,320454003,0.75979
NeuRoute,84,14,6,500,0.24,0.7,1,10000,20,128,85.253871,386.021432,484.188567,20653.11055,320454003,320454003,0.75979
NeuRoute,138,15,5,500,0.24,0.7,1,10000,20,128,82.016843,377.968417,472.060589,21183.7214,313797159,313797159,0.75653
NeuRoute,138,15,5,500,0.24,0.7,1,10000,20,128,82.016843,377.968417,472.060589,21183.7214,313797159,313797159,0.75653
NeuRoute,33,15,6,500,0.29,0.5,1,10000,20,128,94.529144,472.330096,582.476169,17168.08435,381650917,381650917,0.74923
NeuRoute,33,15,6,500,0.29,0.5,1,10000,20,128,94.529144,472.330096,582.476169,17168.08435,381650917,381650917,0.74923
NeuRoute,87,14,6,500,0.29,0.5,1,10000,20,128,87.185143,443.109242,544.919849,18351.32271,361821345,361821345,0.74714
NeuRoute,87,14,6,500,0.29,0.5,1,10000,20,128,87.185143,443.109242,544.919849,18351.32271,361821345,361821345,0.74714
NeuRoute,141,15,5,500,0.29,0.5,1,10000,20,128,81.901836,423.398744,519.580426,19246.29855,348275659,348275659,0.74314
NeuRoute,141,15,5,500,0.29,0.5,1,10000,20,128,81.901836,423.398744,519.580426,19246.29855,348275659,348275659,0.74314
NeuRoute,31,15,6,500,0.24,0.5,1,10000,20,128,76.984299,394.726983,485.180102,20610.90296,330483207,330483207,0.7285
NeuRoute,31,15,6,500,0.24,0.5,1,10000,20,128,76.984299,394.726983,485.180102,20610.90296,330483207,330483207,0.7285
NeuRoute,85,14,6,500,0.24,0.5,1,10000,20,128,71.71544,381.496351,466.466188,21437.78104,322276398,322276398,0.72654
NeuRoute,85,14,6,500,0.24,0.5,1,10000,20,128,71.71544,381.496351,466.466188,21437.78104,322276398,322276398,0.72654
NeuRoute,139,15,5,500,0.24,0.5,1,10000,20,128,67.968874,373.044957,453.031312,22073.52943,315644304,315644304,0.7231
NeuRoute,139,15,5,500,0.24,0.5,1,10000,20,128,67.968874,373.044957,453.031312,22073.52943,315644304,315644304,0.7231
NeuRoute,28,15,6,200,0.41,0.7,1,10000,20,128,75.159337,555.907263,651.318195,15353.47865,382692595,382692595,0.6472
NeuRoute,28,15,6,200,0.41,0.7,1,10000,20,128,75.159337,555.907263,651.318195,15353.47865,382692595,382692595,0.6472
NeuRoute,82,14,6,200,0.41,0.7,1,10000,20,128,64.900313,437.949739,520.040211,19229.28225,310410836,310410836,0.64462
NeuRoute,82,14,6,200,0.41,0.7,1,10000,20,128,64.900313,437.949739,520.040211,19229.28225,310410836,310410836,0.64462
NeuRoute,136,15,5,200,0.41,0.7,1,10000,20,128,59.730019,376.251899,450.995153,22173.1873,271530327,271530327,0.64246
NeuRoute,136,15,5,200,0.41,0.7,1,10000,20,128,59.730019,376.251899,450.995153,22173.1873,271530327,271530327,0.64246
NeuRoute,29,15,6,200,0.41,0.5,1,10000,20,128,71.224877,552.428771,643.608677,15537.39152,383052095,383052095,0.62498
NeuRoute,29,15,6,200,0.41,0.5,1,10000,20,128,71.224877,552.428771,643.608677,15537.39152,383052095,383052095,0.62498
NeuRoute,83,14,6,200,0.41,0.5,1,10000,20,128,60.758544,434.067878,511.847593,19537.0656,310763787,310763787,0.62262
NeuRoute,83,14,6,200,0.41,0.5,1,10000,20,128,60.758544,434.067878,511.847593,19537.0656,310763787,310763787,0.62262
NeuRoute,137,15,5,200,0.41,0.5,1,10000,20,128,55.603349,373.76985,444.919086,22475.99691,271885495,271885495,0.62006
NeuRoute,137,15,5,200,0.41,0.5,1,10000,20,128,55.603349,373.76985,444.919086,22475.99691,271885495,271885495,0.62006
NeuRoute,26,15,6,200,0.29,0.7,1,10000,20,128,51.7328,302.564951,367.839739,27185.75222,225084674,225084674,0.60892
NeuRoute,26,15,6,200,0.29,0.7,1,10000,20,128,51.7328,302.564951,367.839739,27185.75222,225084674,225084674,0.60892
NeuRoute,80,14,6,200,0.29,0.7,1,10000,20,128,46.86253,270.51678,330.061031,30297.42702,205245240,205245240,0.60757
NeuRoute,80,14,6,200,0.29,0.7,1,10000,20,128,46.86253,270.51678,330.061031,30297.42702,205245240,205245240,0.60757
NeuRoute,134,15,5,200,0.29,0.7,1,10000,20,128,43.87893,248.71005,304.334118,32858.62284,191706415,191706415,0.60583
NeuRoute,134,15,5,200,0.29,0.7,1,10000,20,128,43.87893,248.71005,304.334118,32858.62284,191706415,191706415,0.60583
NeuRoute,22,15,6,150,0.41,0.7,1,10000,20,128,63.993979,526.807086,610.712842,16374.30771,356155913,356155913,0.58968
NeuRoute,22,15,6,150,0.41,0.7,1,10000,20,128,63.993979,526.807086,610.712842,16374.30771,356155913,356155913,0.58968
NeuRoute,76,14,6,150,0.41,0.7,1,10000,20,128,53.739063,406.973885,477.152234,20957.67197,283854377,283854377,0.58758
NeuRoute,76,14,6,150,0.41,0.7,1,10000,20,128,53.739063,406.973885,477.152234,20957.67197,283854377,283854377,0.58758
NeuRoute,24,15,6,200,0.24,0.7,1,10000,20,128,43.816011,221.712307,276.683558,36142.37171,174312565,174312565,0.58708
NeuRoute,24,15,6,200,0.24,0.7,1,10000,20,128,43.816011,221.712307,276.683558,36142.37171,174312565,174312565,0.58708
NeuRoute,78,14,6,200,0.24,0.7,1,10000,20,128,39.691514,208.897878,259.345552,38558.5946,166170990,166170990,0.58641
NeuRoute,78,14,6,200,0.24,0.7,1,10000,20,128,39.691514,208.897878,259.345552,38558.5946,166170990,166170990,0.58641
NeuRoute,130,15,5,150,0.41,0.7,1,10000,20,128,48.442111,348.762892,412.175387,24261.51662,244989903,244989903,0.58568
NeuRoute,130,15,5,150,0.41,0.7,1,10000,20,128,48.442111,348.762892,412.175387,24261.51662,244989903,244989903,0.58568
NeuRoute,132,15,5,200,0.24,0.7,1,10000,20,128,37.783617,199.176295,247.630219,40382.79351,159516728,159516728,0.58474
NeuRoute,132,15,5,200,0.24,0.7,1,10000,20,128,37.783617,199.176295,247.630219,40382.79351,159516728,159516728,0.58474
NeuRoute,27,15,6,200,0.29,0.5,1,10000,20,128,48.491434,301.693953,363.656281,27498.49383,225433114,225433114,0.58442
NeuRoute,27,15,6,200,0.29,0.5,1,10000,20,128,48.491434,301.693953,363.656281,27498.49383,225433114,225433114,0.58442
NeuRoute,81,14,6,200,0.29,0.5,1,10000,20,128,43.388488,268.470322,324.16892,30848.11462,205590997,205590997,0.58309
NeuRoute,81,14,6,200,0.29,0.5,1,10000,20,128,43.388488,268.470322,324.16892,30848.11462,205590997,205590997,0.58309
NeuRoute,135,15,5,200,0.29,0.5,1,10000,20,128,40.537255,248.276585,300.263212,33304.11319,192056610,192056610,0.58147
NeuRoute,135,15,5,200,0.29,0.5,1,10000,20,128,40.537255,248.276585,300.263212,33304.11319,192056610,192056610,0.58147
NeuRoute,23,15,6,150,0.41,0.5,1,10000,20,128,61.496212,527.455646,608.742456,16427.3083,356350012,356350012,0.56999
NeuRoute,23,15,6,150,0.41,0.5,1,10000,20,128,61.496212,527.455646,608.742456,16427.3083,356350012,356350012,0.56999
NeuRoute,77,14,6,150,0.41,0.5,1,10000,20,128,51.606563,406.1308,474.774032,21062.65155,284043805,284043805,0.56803
NeuRoute,77,14,6,150,0.41,0.5,1,10000,20,128,51.606563,406.1308,474.774032,21062.65155,284043805,284043805,0.56803
NeuRoute,131,15,5,150,0.41,0.5,1,10000,20,128,46.244278,347.811714,409.079745,24445.11155,245184637,245184637,0.566
NeuRoute,131,15,5,150,0.41,0.5,1,10000,20,128,46.244278,347.811714,409.079745,24445.11155,245184637,245184637,0.566
NeuRoute,25,15,6,200,0.24,0.5,1,10000,20,128,40.792435,221.194304,272.639723,36678.44102,174586671,174586671,0.56445
NeuRoute,25,15,6,200,0.24,0.5,1,10000,20,128,40.792435,221.194304,272.639723,36678.44102,174586671,174586671,0.56445
NeuRoute,79,14,6,200,0.24,0.5,1,10000,20,128,37.111473,207.48425,255.469663,39143.591,166443502,166443502,0.56369
NeuRoute,79,14,6,200,0.24,0.5,1,10000,20,128,37.111473,207.48425,255.469663,39143.591,166443502,166443502,0.56369
NeuRoute,133,15,5,200,0.24,0.5,1,10000,20,128,34.971919,197.799998,243.468954,41072.99857,159789085,159789085,0.5622
NeuRoute,133,15,5,200,0.24,0.5,1,10000,20,128,34.971919,197.799998,243.468954,41072.99857,159789085,159789085,0.5622
NeuRoute,20,15,6,150,0.29,0.7,1,10000,20,128,44.406682,274.491275,332.428804,30081.62915,198284652,198284652,0.55137
NeuRoute,20,15,6,150,0.29,0.7,1,10000,20,128,44.406682,274.491275,332.428804,30081.62915,198284652,198284652,0.55137
NeuRoute,74,14,6,150,0.29,0.7,1,10000,20,128,39.289128,241.389614,292.293184,34212.2244,178443083,178443083,0.55006
NeuRoute,74,14,6,150,0.29,0.7,1,10000,20,128,39.289128,241.389614,292.293184,34212.2244,178443083,178443083,0.55006
NeuRoute,128,15,5,150,0.29,0.7,1,10000,20,128,36.471329,220.649579,268.193802,37286.46943,164907977,164907977,0.54868
NeuRoute,128,15,5,150,0.29,0.7,1,10000,20,128,36.471329,220.649579,268.193802,37286.46943,164907977,164907977,0.54868
NeuRoute,21,15,6,150,0.29,0.5,1,10000,20,128,42.303466,273.727428,329.636232,30336.47102,198421126,198421126,0.53198
NeuRoute,21,15,6,150,0.29,0.5,1,10000,20,128,42.303466,273.727428,329.636232,30336.47102,198421126,198421126,0.53198
NeuRoute,18,15,6,150,0.24,0.7,1,10000,20,128,37.265102,192.747576,240.933164,41505.2865,147327344,147327344,0.53185
NeuRoute,18,15,6,150,0.24,0.7,1,10000,20,128,37.265102,192.747576,240.933164,41505.2865,147327344,147327344,0.53185
NeuRoute,72,14,6,150,0.24,0.7,1,10000,20,128,33.319502,180.023777,224.107262,44621.49022,139182809,139182809,0.53105
NeuRoute,72,14,6,150,0.24,0.7,1,10000,20,128,33.319502,180.023777,224.107262,44621.49022,139182809,139182809,0.53105
NeuRoute,75,14,6,150,0.29,0.5,1,10000,20,128,37.573461,240.688315,290.002546,34482.45589,178574612,178574612,0.53066
NeuRoute,75,14,6,150,0.29,0.5,1,10000,20,128,37.573461,240.688315,290.002546,34482.45589,178574612,178574612,0.53066
NeuRoute,126,15,5,150,0.24,0.7,1,10000,20,128,31.263715,169.215881,210.826385,47432.39325,132541037,132541037,0.53007
NeuRoute,126,15,5,150,0.24,0.7,1,10000,20,128,31.263715,169.215881,210.826385,47432.39325,132541037,132541037,0.53007
NeuRoute,129,15,5,150,0.29,0.5,1,10000,20,128,34.576665,219.736752,265.760566,37627.85484,165049058,165049058,0.52934
NeuRoute,129,15,5,150,0.29,0.5,1,10000,20,128,34.576665,219.736752,265.760566,37627.85484,165049058,165049058,0.52934
NeuRoute,19,15,6,150,0.24,0.5,1,10000,20,128,35.595812,190.797639,237.131635,42170.67031,147482019,147482019,0.51369
NeuRoute,19,15,6,150,0.24,0.5,1,10000,20,128,35.595812,190.797639,237.131635,42170.67031,147482019,147482019,0.51369
NeuRoute,73,14,6,150,0.24,0.5,1,10000,20,128,31.816745,178.284336,220.845157,45280.59449,139332740,139332740,0.51298
NeuRoute,73,14,6,150,0.24,0.5,1,10000,20,128,31.816745,178.284336,220.845157,45280.59449,139332740,139332740,0.51298
NeuRoute,127,15,5,150,0.24,0.5,1,10000,20,128,29.784774,168.786614,209.295196,47779.40531,132692140,132692140,0.51186
NeuRoute,127,15,5,150,0.24,0.5,1,10000,20,128,29.784774,168.786614,209.295196,47779.40531,132692140,132692140,0.51186
NeuRoute,16,15,6,100,0.41,0.7,1,10000,20,128,53.966752,498.384274,571.933452,17484.55168,329141534,329141534,0.5089
NeuRoute,16,15,6,100,0.41,0.7,1,10000,20,128,53.966752,498.384274,571.933452,17484.55168,329141534,329141534,0.5089
NeuRoute,70,14,6,100,0.41,0.7,1,10000,20,128,44.350708,382.459082,442.965552,22575.11889,256831837,256831837,0.50691
NeuRoute,70,14,6,100,0.41,0.7,1,10000,20,128,44.350708,382.459082,442.965552,22575.11889,256831837,256831837,0.50691
NeuRoute,124,15,5,100,0.41,0.7,1,10000,20,128,39.38588,319.694415,373.918971,26743.76209,217977196,217977196,0.5053
NeuRoute,124,15,5,100,0.41,0.7,1,10000,20,128,39.38588,319.694415,373.918971,26743.76209,217977196,217977196,0.5053
NeuRoute,17,15,6,100,0.41,0.5,1,10000,20,128,52.883584,497.94078,570.653735,17523.76159,329217677,329217677,0.49473
NeuRoute,17,15,6,100,0.41,0.5,1,10000,20,128,52.883584,497.94078,570.653735,17523.76159,329217677,329217677,0.49473
NeuRoute,71,14,6,100,0.41,0.5,1,10000,20,128,43.096137,381.177642,440.880511,22681.88262,256907570,256907570,0.49272
NeuRoute,71,14,6,100,0.41,0.5,1,10000,20,128,43.096137,381.177642,440.880511,22681.88262,256907570,256907570,0.49272
NeuRoute,125,15,5,100,0.41,0.5,1,10000,20,128,38.328221,320.738569,374.217723,26722.41154,218052984,218052984,0.49113
NeuRoute,125,15,5,100,0.41,0.5,1,10000,20,128,38.328221,320.738569,374.217723,26722.41154,218052984,218052984,0.49113
NeuRoute,14,15,6,100,0.29,0.7,1,10000,20,128,37.542984,245.635197,296.557684,33720.25255,171017634,171017634,0.47773
NeuRoute,14,15,6,100,0.29,0.7,1,10000,20,128,37.542984,245.635197,296.557684,33720.25255,171017634,171017634,0.47773
NeuRoute,68,14,6,100,0.29,0.7,1,10000,20,128,32.431171,211.930111,255.334418,39164.32449,151171290,151171290,0.47655
NeuRoute,68,14,6,100,0.29,0.7,1,10000,20,128,32.431171,211.930111,255.334418,39164.32449,151171290,151171290,0.47655
NeuRoute,122,15,5,100,0.29,0.7,1,10000,20,128,29.70824,191.032851,231.841507,43132.91494,137647750,137647750,0.47516
NeuRoute,122,15,5,100,0.29,0.7,1,10000,20,128,29.70824,191.032851,231.841507,43132.91494,137647750,137647750,0.47516
NeuRoute,15,15,6,100,0.29,0.5,1,10000,20,128,36.829472,246.311509,296.316851,33747.65885,171076464,171076464,0.46437
NeuRoute,15,15,6,100,0.29,0.5,1,10000,20,128,36.829472,246.311509,296.316851,33747.65885,171076464,171076464,0.46437
NeuRoute,12,15,6,100,0.24,0.7,1,10000,20,128,31.817506,163.648351,206.03818,48534.69391,120071300,120071300,0.46359
NeuRoute,12,15,6,100,0.24,0.7,1,10000,20,128,31.817506,163.648351,206.03818,48534.69391,120071300,120071300,0.46359
NeuRoute,69,14,6,100,0.29,0.5,1,10000,20,128,31.446008,211.750653,254.894982,39231.84333,151228881,151228881,0.46317
NeuRoute,69,14,6,100,0.29,0.5,1,10000,20,128,31.446008,211.750653,254.894982,39231.84333,151228881,151228881,0.46317
NeuRoute,66,14,6,100,0.24,0.7,1,10000,20,128,27.660138,149.921547,188.007031,53189.50013,111924861,111924861,0.4629
NeuRoute,66,14,6,100,0.24,0.7,1,10000,20,128,27.660138,149.921547,188.007031,53189.50013,111924861,111924861,0.4629
NeuRoute,120,15,5,100,0.24,0.7,1,10000,20,128,25.828223,140.566593,176.475685,56665.03009,105286694,105286694,0.46188
NeuRoute,120,15,5,100,0.24,0.7,1,10000,20,128,25.828223,140.566593,176.475685,56665.03009,105286694,105286694,0.46188
NeuRoute,123,15,5,100,0.29,0.5,1,10000,20,128,28.518182,191.143539,230.57744,43369.37733,137706669,137706669,0.4618
NeuRoute,123,15,5,100,0.29,0.5,1,10000,20,128,28.518182,191.143539,230.57744,43369.37733,137706669,137706669,0.4618
NeuRoute,13,15,6,100,0.24,0.5,1,10000,20,128,30.664268,163.281421,204.082062,48999.89691,120131510,120131510,0.45025
NeuRoute,13,15,6,100,0.24,0.5,1,10000,20,128,30.664268,163.281421,204.082062,48999.89691,120131510,120131510,0.45025
NeuRoute,67,14,6,100,0.24,0.5,1,10000,20,128,27.017801,150.09898,187.521738,53327.1508,111984359,111984359,0.44956
NeuRoute,67,14,6,100,0.24,0.5,1,10000,20,128,27.017801,150.09898,187.521738,53327.1508,111984359,111984359,0.44956
NeuRoute,121,15,5,100,0.24,0.5,1,10000,20,128,24.827761,139.673052,174.196609,57406.39877,105347013,105347013,0.44854
NeuRoute,121,15,5,100,0.24,0.5,1,10000,20,128,24.827761,139.673052,174.196609,57406.39877,105347013,105347013,0.44854
NeuRoute,10,15,6,50,0.41,0.7,1,10000,20,128,47.409049,471.967383,539.030033,18551.84199,301640436,301640436,0.39113
NeuRoute,10,15,6,50,0.41,0.7,1,10000,20,128,47.409049,471.967383,539.030033,18551.84199,301640436,301640436,0.39113
NeuRoute,64,14,6,50,0.41,0.7,1,10000,20,128,37.137652,353.875607,407.274982,24553.4355,229327843,229327843,0.38919
NeuRoute,64,14,6,50,0.41,0.7,1,10000,20,128,37.137652,353.875607,407.274982,24553.4355,229327843,229327843,0.38919
NeuRoute,118,15,5,50,0.41,0.7,1,10000,20,128,31.84569,292.629606,339.860881,29423.80415,190478934,190478934,0.38764
NeuRoute,118,15,5,50,0.41,0.7,1,10000,20,128,31.84569,292.629606,339.860881,29423.80415,190478934,190478934,0.38764
NeuRoute,11,15,6,50,0.41,0.5,1,10000,20,128,46.594206,468.416655,534.632733,18704.42901,301661757,301661757,0.38347
NeuRoute,11,15,6,50,0.41,0.5,1,10000,20,128,46.594206,468.416655,534.632733,18704.42901,301661757,301661757,0.38347
NeuRoute,65,14,6,50,0.41,0.5,1,10000,20,128,36.492168,353.671473,406.816119,24581.13023,229349218,229349218,0.38153
NeuRoute,65,14,6,50,0.41,0.5,1,10000,20,128,36.492168,353.671473,406.816119,24581.13023,229349218,229349218,0.38153
NeuRoute,119,15,5,50,0.41,0.5,1,10000,20,128,31.536728,291.069472,337.38814,29639.45324,190500293,190500293,0.37998
NeuRoute,119,15,5,50,0.41,0.5,1,10000,20,128,31.536728,291.069472,337.38814,29639.45324,190500293,190500293,0.37998
NeuRoute,8,15,6,50,0.29,0.7,1,10000,20,128,31.966176,218.133657,263.259051,37985.39865,143436555,143436555,0.37242
NeuRoute,8,15,6,50,0.29,0.7,1,10000,20,128,31.966176,218.133657,263.259051,37985.39865,143436555,143436555,0.37242
NeuRoute,62,14,6,50,0.29,0.7,1,10000,20,128,26.919716,185.04,222.967347,44849.61648,123588542,123588542,0.37124
NeuRoute,62,14,6,50,0.29,0.7,1,10000,20,128,26.919716,185.04,222.967347,44849.61648,123588542,123588542,0.37124
NeuRoute,116,15,5,50,0.29,0.7,1,10000,20,128,24.208758,163.817028,198.934451,50267.8141,110065624,110065624,0.36996
NeuRoute,116,15,5,50,0.29,0.7,1,10000,20,128,24.208758,163.817028,198.934451,50267.8141,110065624,110065624,0.36996
NeuRoute,9,15,6,50,0.29,0.5,1,10000,20,128,31.603634,217.596487,261.807912,38195.94268,143455122,143455122,0.36444
NeuRoute,9,15,6,50,0.29,0.5,1,10000,20,128,31.603634,217.596487,261.807912,38195.94268,143455122,143455122,0.36444
NeuRoute,63,14,6,50,0.29,0.5,1,10000,20,128,26.480169,186.333223,224.01074,44640.71678,123607135,123607135,0.36325
NeuRoute,63,14,6,50,0.29,0.5,1,10000,20,128,26.480169,186.333223,224.01074,44640.71678,123607135,123607135,0.36325
NeuRoute,6,15,6,50,0.24,0.7,1,10000,20,128,26.946326,135.934532,173.498666,57637.33077,92451269,92451269,0.36212
NeuRoute,6,15,6,50,0.24,0.7,1,10000,20,128,26.946326,135.934532,173.498666,57637.33077,92451269,92451269,0.36212
NeuRoute,117,15,5,50,0.29,0.5,1,10000,20,128,23.987652,163.272183,197.924913,50524.21066,110084196,110084196,0.36198
NeuRoute,117,15,5,50,0.29,0.5,1,10000,20,128,23.987652,163.272183,197.924913,50524.21066,110084196,110084196,0.36198
NeuRoute,60,14,6,50,0.24,0.7,1,10000,20,128,22.642802,122.609492,154.988115,64521.07634,84304107,84304107,0.36142
NeuRoute,60,14,6,50,0.24,0.7,1,10000,20,128,22.642802,122.609492,154.988115,64521.07634,84304107,84304107,0.36142
NeuRoute,114,15,5,50,0.24,0.7,1,10000,20,128,20.87064,111.273073,142.036057,70404.65788,77666558,77666558,0.36044
NeuRoute,114,15,5,50,0.24,0.7,1,10000,20,128,20.87064,111.273073,142.036057,70404.65788,77666558,77666558,0.36044
NeuRoute,7,15,6,50,0.24,0.5,1,10000,20,128,26.32621,136.324005,172.867689,57847.71034,92476520,92476520,0.35434
NeuRoute,7,15,6,50,0.24,0.5,1,10000,20,128,26.32621,136.324005,172.867689,57847.71034,92476520,92476520,0.35434
NeuRoute,61,14,6,50,0.24,0.5,1,10000,20,128,22.536663,122.830488,155.391162,64353.72431,84329541,84329541,0.35364
NeuRoute,61,14,6,50,0.24,0.5,1,10000,20,128,22.536663,122.830488,155.391162,64353.72431,84329541,84329541,0.35364
NeuRoute,115,15,5,50,0.24,0.5,1,10000,20,128,20.531562,111.097693,141.290124,70776.35518,77691873,77691873,0.35266
NeuRoute,115,15,5,50,0.24,0.5,1,10000,20,128,20.531562,111.097693,141.290124,70776.35518,77691873,77691873,0.35266
NeuRoute,4,15,6,20,0.41,0.7,1,10000,20,128,43.082041,453.880799,516.671105,19354.67245,284941539,284941539,0.27603
NeuRoute,4,15,6,20,0.41,0.7,1,10000,20,128,43.082041,453.880799,516.671105,19354.67245,284941539,284941539,0.27603
NeuRoute,58,14,6,20,0.41,0.7,1,10000,20,128,33.216798,335.582955,385.138071,25964.71435,212629058,212629058,0.27412
NeuRoute,58,14,6,20,0.41,0.7,1,10000,20,128,33.216798,335.582955,385.138071,25964.71435,212629058,212629058,0.27412
NeuRoute,112,15,5,20,0.41,0.7,1,10000,20,128,28.083214,279.783207,322.873875,30971.84621,173779830,173779830,0.27255
NeuRoute,112,15,5,20,0.41,0.7,1,10000,20,128,28.083214,279.783207,322.873875,30971.84621,173779830,173779830,0.27255
NeuRoute,5,15,6,20,0.41,0.5,1,10000,20,128,42.906692,457.351076,520.08772,19227.5257,284943163,284943163,0.27214
NeuRoute,5,15,6,20,0.41,0.5,1,10000,20,128,42.906692,457.351076,520.08772,19227.5257,284943163,284943163,0.27214
NeuRoute,59,14,6,20,0.41,0.5,1,10000,20,128,32.759008,338.402257,388.100552,25766.51836,212630682,212630682,0.27023
NeuRoute,59,14,6,20,0.41,0.5,1,10000,20,128,32.759008,338.402257,388.100552,25766.51836,212630682,212630682,0.27023
NeuRoute,113,15,5,20,0.41,0.5,1,10000,20,128,28.067093,279.467564,322.907959,30968.57702,173781454,173781454,0.26866
NeuRoute,113,15,5,20,0.41,0.5,1,10000,20,128,28.067093,279.467564,322.907959,30968.57702,173781454,173781454,0.26866
NeuRoute,2,15,6,20,0.29,0.7,1,10000,20,128,28.814109,202.560491,244.522775,40895.98607,126723724,126723724,0.26643
NeuRoute,2,15,6,20,0.29,0.7,1,10000,20,128,28.814109,202.560491,244.522775,40895.98607,126723724,126723724,0.26643
NeuRoute,56,14,6,20,0.29,0.7,1,10000,20,128,23.515473,169.721101,204.215393,48967.90518,106875835,106875835,0.26524
NeuRoute,56,14,6,20,0.29,0.7,1,10000,20,128,23.515473,169.721101,204.215393,48967.90518,106875835,106875835,0.26524
NeuRoute,110,15,5,20,0.29,0.7,1,10000,20,128,21.532755,146.777914,178.958493,55878.87913,93353340,93353340,0.26399
NeuRoute,110,15,5,20,0.29,0.7,1,10000,20,128,21.532755,146.777914,178.958493,55878.87913,93353340,93353340,0.26399
NeuRoute,3,15,6,20,0.29,0.5,1,10000,20,128,29.159508,201.112277,242.589439,41221.90991,126728495,126728495,0.26261
NeuRoute,3,15,6,20,0.29,0.5,1,10000,20,128,29.159508,201.112277,242.589439,41221.90991,126728495,126728495,0.26261
NeuRoute,57,14,6,20,0.29,0.5,1,10000,20,128,23.363608,169.274011,204.024874,49013.63154,106880606,106880606,0.26142
NeuRoute,57,14,6,20,0.29,0.5,1,10000,20,128,23.363608,169.274011,204.024874,49013.63154,106880606,106880606,0.26142
NeuRoute,111,15,5,20,0.29,0.5,1,10000,20,128,20.753169,147.732549,178.97796,55872.80132,93358111,93358111,0.26017
NeuRoute,111,15,5,20,0.29,0.5,1,10000,20,128,20.753169,147.732549,178.97796,55872.80132,93358111,93358111,0.26017
NeuRoute,0,15,6,20,0.24,0.7,1,10000,20,128,23.432679,119.357377,155.512962,64303.32155,75734441,75734441,0.25963
NeuRoute,0,15,6,20,0.24,0.7,1,10000,20,128,23.432679,119.357377,155.512962,64303.32155,75734441,75734441,0.25963
NeuRoute,54,14,6,20,0.24,0.7,1,10000,20,128,19.619377,104.700632,134.011214,74620.62093,67587394,67587394,0.25893
NeuRoute,54,14,6,20,0.24,0.7,1,10000,20,128,19.619377,104.700632,134.011214,74620.62093,67587394,67587394,0.25893
NeuRoute,108,15,5,20,0.24,0.7,1,10000,20,128,17.57366,93.731644,121.089043,82583.85525,60950011,60950011,0.25795
NeuRoute,108,15,5,20,0.24,0.7,1,10000,20,128,17.57366,93.731644,121.089043,82583.85525,60950011,60950011,0.25795
NeuRoute,1,15,6,20,0.24,0.5,1,10000,20,128,23.477483,119.605984,154.084746,64899.35091,75738034,75738034,0.25598
NeuRoute,1,15,6,20,0.24,0.5,1,10000,20,128,23.477483,119.605984,154.084746,64899.35091,75738034,75738034,0.25598
NeuRoute,55,14,6,20,0.24,0.5,1,10000,20,128,19.686273,104.323403,133.589862,74855.97972,67590987,67590987,0.25528
NeuRoute,55,14,6,20,0.24,0.5,1,10000,20,128,19.686273,104.323403,133.589862,74855.97972,67590987,67590987,0.25528
NeuRoute,109,15,5,20,0.24,0.5,1,10000,20,128,17.577486,94.363994,121.300691,82439.76121,60953604,60953604,0.2543
NeuRoute,109,15,5,20,0.24,0.5,1,10000,20,128,17.577486,94.363994,121.300691,82439.76121,60953604,60953604,0.2543
