Method,case_id,Lsel,Rmax,centroid_heap_k,max_score,calib_heap_front_alpha,repeats,Q,D_logits,D_in,enum_ms_p50,refine_ms_p50,total_ms_p50,total_qps_p50,refined_vecs_p50,refined_vecs_mean,recall_p50,dataset
NeuRoute,0,14,5,500,0.25,0.5,1,10000,20,96,85.14157,1135.408941,1237.908013,8078.144656,359072015,359072015,0.70858,deep1b100M
NeuRoute,1,14,5,500,0.25,0.6,1,10000,20,96,90.455494,1114.900282,1223.92174,8170.457042,358223654,358223654,0.72395,deep1b100M
NeuRoute,2,14,5,500,0.25,0.7,1,10000,20,96,93.236202,1133.082897,1244.736636,8033.827969,357882349,357882349,0.73041,deep1b100M
NeuRoute,3,14,5,500,0.3,0.5,1,10000,20,96,98.251104,1240.491903,1358.952132,7358.610921,390366540,390366540,0.72393,deep1b100M
NeuRoute,4,14,5,500,0.3,0.6,1,10000,20,96,104.739055,1222.917332,1347.879559,7419.060504,389526788,389526788,0.73826,deep1b100M
NeuRoute,5,14,5,500,0.3,0.7,1,10000,20,96,107.929676,1220.968166,1349.23106,7411.628961,389190080,389190080,0.74356,deep1b100M
NeuRoute,6,14,5,500,0.39,0.5,1,10000,20,96,116.68442,1363.151449,1500.549193,6664.226702,425625280,425625280,0.73989,deep1b100M
NeuRoute,7,14,5,500,0.39,0.6,1,10000,20,96,123.796615,1361.6897,1506.751998,6636.792261,424799216,424799216,0.75101,deep1b100M
NeuRoute,8,14,5,500,0.39,0.7,1,10000,20,96,126.66532,1380.679413,1528.434846,6542.64068,424538870,424538870,0.75418,deep1b100M
NeuRoute,9,14,5,1000,0.25,0.5,1,10000,20,96,132.881401,1969.803566,2123.538934,4709.120158,626090859,626090859,0.79837,deep1b100M
NeuRoute,10,14,5,1000,0.25,0.6,1,10000,20,96,148.173019,1963.496755,2132.364372,4689.630033,623843308,623843308,0.81257,deep1b100M
NeuRoute,11,14,5,1000,0.25,0.7,1,10000,20,96,155.460824,1933.00938,2109.289628,4740.932619,622846280,622846280,0.81774,deep1b100M
NeuRoute,12,14,5,1000,0.3,0.5,1,10000,20,96,151.793688,2097.33225,2270.648302,4404.028572,658304532,658304532,0.80827,deep1b100M
NeuRoute,13,14,5,1000,0.3,0.6,1,10000,20,96,167.499434,2044.115559,2234.035809,4476.203989,656145553,656145553,0.81984,deep1b100M
NeuRoute,14,14,5,1000,0.3,0.7,1,10000,20,96,175.929989,2038.800604,2236.271603,4471.728741,655081770,655081770,0.82424,deep1b100M
NeuRoute,15,14,5,1000,0.39,0.5,1,10000,20,96,172.668074,2170.147578,2366.688369,4225.313367,693529692,693529692,0.81618,deep1b100M
NeuRoute,16,14,5,1000,0.39,0.6,1,10000,20,96,188.774885,2212.340036,2424.715666,4124.194907,691368342,691368342,0.82576,deep1b100M
NeuRoute,17,14,5,1000,0.39,0.7,1,10000,20,96,198.210009,2207.919082,2430.081968,4115.087529,690435427,690435427,0.8279,deep1b100M
NeuRoute,18,14,5,1500,0.25,0.5,1,10000,20,96,161.971938,2738.414627,2923.30645,3420.784024,874156657,874156657,0.83407,deep1b100M
NeuRoute,19,14,5,1500,0.25,0.6,1,10000,20,96,182.5241,2736.137725,2941.491058,3399.636376,870924182,870924182,0.8451,deep1b100M
NeuRoute,20,14,5,1500,0.25,0.7,1,10000,20,96,191.401986,2720.49123,2934.700047,3407.503268,869569976,869569976,0.84909,deep1b100M
NeuRoute,21,14,5,1500,0.3,0.5,1,10000,20,96,183.361625,2826.485475,3033.905966,3296.081063,910455081,910455081,0.84179,deep1b100M
NeuRoute,22,14,5,1500,0.3,0.6,1,10000,20,96,204.332724,2865.94819,3095.396657,3230.603735,906972458,906972458,0.85125,deep1b100M
NeuRoute,23,14,5,1500,0.3,0.7,1,10000,20,96,216.517178,2872.734703,3114.395597,3210.895883,905210726,905210726,0.85454,deep1b100M
NeuRoute,24,14,5,1500,0.39,0.5,1,10000,20,96,204.783992,2985.852495,3216.205574,3109.253986,946631015,946631015,0.84727,deep1b100M
NeuRoute,25,14,5,1500,0.39,0.6,1,10000,20,96,227.83908,2948.849175,3202.560271,3122.501734,943206046,943206046,0.85471,deep1b100M
NeuRoute,26,14,5,1500,0.39,0.7,1,10000,20,96,240.191771,2985.298313,3251.821173,3075.199855,941579515,941579515,0.85638,deep1b100M
NeuRoute,27,15,5,500,0.25,0.5,1,10000,20,96,88.770394,1160.90533,1268.447797,7883.651202,372564012,372564012,0.71079,deep1b100M
NeuRoute,28,15,5,500,0.25,0.6,1,10000,20,96,95.381217,1162.843024,1277.583348,7827.277974,371700194,371700194,0.72679,deep1b100M
NeuRoute,29,15,5,500,0.25,0.7,1,10000,20,96,98.269358,1176.870785,1294.348086,7725.897004,371350630,371350630,0.7331,deep1b100M
NeuRoute,30,15,5,500,0.3,0.5,1,10000,20,96,106.404798,1330.840024,1458.301642,6857.291874,418726806,418726806,0.72684,deep1b100M
NeuRoute,31,15,5,500,0.3,0.6,1,10000,20,96,113.331173,1324.282622,1458.65705,6855.621066,417899291,417899291,0.74154,deep1b100M
NeuRoute,32,15,5,500,0.3,0.7,1,10000,20,96,116.141118,1342.586304,1479.328655,6759.82309,417545220,417545220,0.74658,deep1b100M
NeuRoute,33,15,5,500,0.39,0.5,1,10000,20,96,128.700277,1553.623486,1706.282712,5860.6935,482138717,482138717,0.74239,deep1b100M
NeuRoute,34,15,5,500,0.39,0.6,1,10000,20,96,136.295952,1552.391951,1712.192065,5840.466268,481300260,481300260,0.75395,deep1b100M
NeuRoute,35,15,5,500,0.39,0.7,1,10000,20,96,139.860495,1577.762172,1741.201481,5743.160748,481038611,481038611,0.75697,deep1b100M
NeuRoute,36,15,5,1000,0.25,0.5,1,10000,20,96,143.274446,2011.563271,2176.475318,4594.58461,640088679,640088679,0.80306,deep1b100M
NeuRoute,37,15,5,1000,0.25,0.6,1,10000,20,96,159.52663,2032.820958,2214.240281,4516.221697,637757550,637757550,0.81747,deep1b100M
NeuRoute,38,15,5,1000,0.25,0.7,1,10000,20,96,167.445021,1982.564325,2170.942273,4606.294752,636814296,636814296,0.82292,deep1b100M
NeuRoute,39,15,5,1000,0.3,0.5,1,10000,20,96,165.530351,2162.913274,2352.067302,4251.579022,687114578,687114578,0.81307,deep1b100M
NeuRoute,40,15,5,1000,0.3,0.6,1,10000,20,96,183.315077,2192.607327,2399.457195,4167.60925,684812655,684812655,0.82506,deep1b100M
NeuRoute,41,15,5,1000,0.3,0.7,1,10000,20,96,191.57965,2206.207784,2420.960645,4130.591722,683745993,683745993,0.82959,deep1b100M
NeuRoute,42,15,5,1000,0.39,0.5,1,10000,20,96,193.441291,2382.260874,2601.639574,3843.729969,750374806,750374806,0.82115,deep1b100M
NeuRoute,43,15,5,1000,0.39,0.6,1,10000,20,96,212.711471,2416.147733,2655.43875,3765.856019,748127204,748127204,0.83098,deep1b100M
NeuRoute,44,15,5,1000,0.39,0.7,1,10000,20,96,222.254868,2391.669949,2640.856457,3786.65034,747189761,747189761,0.83294,deep1b100M
NeuRoute,45,15,5,1500,0.25,0.5,1,10000,20,96,175.334318,2778.962463,2977.987364,3357.97261,889717609,889717609,0.83969,deep1b100M
NeuRoute,46,15,5,1500,0.25,0.6,1,10000,20,96,198.172028,2806.026289,3027.918285,3302.599033,886337803,886337803,0.85113,deep1b100M
NeuRoute,47,15,5,1500,0.25,0.7,1,10000,20,96,208.796589,2766.551602,2999.604177,3333.773195,884902456,884902456,0.85514,deep1b100M
NeuRoute,48,15,5,1500,0.3,0.5,1,10000,20,96,199.851165,2963.757112,3189.496573,3135.291031,940649029,940649029,0.8475,deep1b100M
NeuRoute,49,15,5,1500,0.3,0.6,1,10000,20,96,226.848928,2981.339077,3235.090539,3091.103596,936981667,936981667,0.85752,deep1b100M
NeuRoute,50,15,5,1500,0.3,0.7,1,10000,20,96,238.890614,2980.275928,3245.346187,3081.335372,935183981,935183981,0.86088,deep1b100M
NeuRoute,51,15,5,1500,0.39,0.5,1,10000,20,96,232.601236,3251.344026,3513.390407,2846.253573,1004774076,1004774076,0.85341,deep1b100M
NeuRoute,52,15,5,1500,0.39,0.6,1,10000,20,96,259.888664,3171.455114,3459.713752,2890.412536,1001181506,1001181506,0.86135,deep1b100M
NeuRoute,53,15,5,1500,0.39,0.7,1,10000,20,96,276.515483,3169.55436,3475.422524,2877.347986,999532116,999532116,0.86278,deep1b100M
NeuRoute,54,15,6,500,0.25,0.5,1,10000,20,96,101.018338,1264.478893,1386.665271,7211.54572,402648459,402648459,0.7162,deep1b100M
NeuRoute,55,15,6,500,0.25,0.6,1,10000,20,96,108.440757,1283.113598,1412.127655,7081.512755,401777577,401777577,0.73264,deep1b100M
NeuRoute,56,15,6,500,0.25,0.7,1,10000,20,96,111.444175,1285.647924,1417.621758,7054.067803,401446247,401446247,0.73914,deep1b100M
NeuRoute,57,15,6,500,0.3,0.5,1,10000,20,96,124.485881,1567.472241,1716.030524,5827.40217,486301686,486301686,0.73329,deep1b100M
NeuRoute,58,15,6,500,0.3,0.6,1,10000,20,96,132.659463,1546.943824,1703.796355,5869.246034,485456105,485456105,0.7483,deep1b100M
NeuRoute,59,15,6,500,0.3,0.7,1,10000,20,96,135.809127,1571.647733,1731.605033,5774.98899,485112144,485112144,0.75347,deep1b100M
NeuRoute,60,15,6,500,0.39,0.5,1,10000,20,96,160.179398,2121.985423,2313.277602,4322.870714,640797596,640797596,0.74988,deep1b100M
NeuRoute,61,15,6,500,0.39,0.6,1,10000,20,96,168.562273,2069.725572,2268.941162,4407.342142,639951357,639951357,0.76158,deep1b100M
NeuRoute,62,15,6,500,0.39,0.7,1,10000,20,96,172.04387,2116.416791,2319.281093,4311.680904,639698681,639698681,0.76458,deep1b100M
NeuRoute,63,15,6,1000,0.25,0.5,1,10000,20,96,165.610452,2127.110993,2315.824433,4318.116632,670295021,670295021,0.81302,deep1b100M
NeuRoute,64,15,6,1000,0.25,0.6,1,10000,20,96,184.321239,2083.350295,2290.386513,4366.075308,667867910,667867910,0.82798,deep1b100M
NeuRoute,65,15,6,1000,0.25,0.7,1,10000,20,96,193.432645,2104.95212,2321.152382,4308.204872,666919310,666919310,0.83319,deep1b100M
NeuRoute,66,15,6,1000,0.3,0.5,1,10000,20,96,198.669102,2413.968986,2640.085466,3787.756165,754794549,754794549,0.82393,deep1b100M
NeuRoute,67,15,6,1000,0.3,0.6,1,10000,20,96,218.486091,2414.617646,2659.620084,3759.935511,752400638,752400638,0.8363,deep1b100M
NeuRoute,68,15,6,1000,0.3,0.7,1,10000,20,96,229.278608,2414.661277,2670.713045,3744.318402,751332942,751332942,0.84084,deep1b100M
NeuRoute,69,15,6,1000,0.39,0.5,1,10000,20,96,245.358999,2895.759975,3173.953193,3150.645076,909167306,909167306,0.83325,deep1b100M
NeuRoute,70,15,6,1000,0.39,0.6,1,10000,20,96,269.867661,2885.067937,3188.921533,3135.856401,906856326,906856326,0.84307,deep1b100M
NeuRoute,71,15,6,1000,0.39,0.7,1,10000,20,96,281.344174,2982.028233,3295.2254,3034.693772,905886284,905886284,0.8451,deep1b100M
NeuRoute,72,15,6,1500,0.25,0.5,1,10000,20,96,205.52202,2899.821644,3130.307221,3194.57462,920936733,920936733,0.85182,deep1b100M
NeuRoute,73,15,6,1500,0.25,0.6,1,10000,20,96,232.968637,2897.203019,3155.680939,3168.888171,917534876,917534876,0.8642,deep1b100M
NeuRoute,74,15,6,1500,0.25,0.7,1,10000,20,96,243.994313,2876.671126,3146.551971,3178.081942,916113170,916113170,0.86811,deep1b100M
NeuRoute,75,15,6,1500,0.3,0.5,1,10000,20,96,244.458926,3184.777279,3458.125715,2891.739868,1009447534,1009447534,0.86068,deep1b100M
NeuRoute,76,15,6,1500,0.3,0.6,1,10000,20,96,276.294978,3211.619048,3516.498823,2843.737622,1005621770,1005621770,0.87143,deep1b100M
NeuRoute,77,15,6,1500,0.3,0.7,1,10000,20,96,293.198808,3196.456523,3518.265235,2842.309869,1003788637,1003788637,0.87465,deep1b100M
NeuRoute,78,15,6,1500,0.39,0.5,1,10000,20,96,299.725922,3741.400349,4077.42167,2452.530253,1164645291,1164645291,0.86754,deep1b100M
NeuRoute,79,15,6,1500,0.39,0.6,1,10000,20,96,337.420793,3682.934016,4056.048605,2465.45369,1160953207,1160953207,0.87554,deep1b100M
NeuRoute,80,15,6,1500,0.39,0.7,1,10000,20,96,354.806869,3800.287134,4190.7879,2386.186139,1159229575,1159229575,0.87716,deep1b100M
NeuRoute,0,14,5,2000,0.25,0.5,1,10000,20,96,181.997409,3430.195859,3637.888011,2748.847675,1102069190,1102069190,0.85183,deep1b100M
NeuRoute,1,14,5,2000,0.25,0.6,1,10000,20,96,202.628469,3432.650496,3659.817452,2732.376719,1098375735,1098375735,0.86023,deep1b100M
NeuRoute,2,14,5,2000,0.25,0.7,1,10000,20,96,212.459938,3431.138162,3668.794985,2725.690599,1096799158,1096799158,0.86307,deep1b100M
NeuRoute,3,14,5,2000,0.3,0.5,1,10000,20,96,204.03332,3573.260791,3803.684071,2629.030123,1145827364,1145827364,0.85944,deep1b100M
NeuRoute,4,14,5,2000,0.3,0.6,1,10000,20,96,228.254642,3580.246489,3835.441355,2607.26187,1141385166,1141385166,0.86714,deep1b100M
NeuRoute,5,14,5,2000,0.3,0.7,1,10000,20,96,242.501354,3577.947766,3847.36526,2599.181342,1139204956,1139204956,0.86954,deep1b100M
NeuRoute,6,14,5,2000,0.39,0.5,1,10000,20,96,225.819702,3739.182648,3993.041322,2504.356753,1184001582,1184001582,0.86387,deep1b100M
NeuRoute,7,14,5,2000,0.39,0.6,1,10000,20,96,254.083897,3674.046041,3957.300657,2526.975044,1179616828,1179616828,0.87006,deep1b100M
NeuRoute,8,14,5,2000,0.39,0.7,1,10000,20,96,268.512632,3751.302291,4048.103003,2470.292874,1177406368,1177406368,0.87141,deep1b100M
NeuRoute,9,14,5,2500,0.25,0.5,1,10000,20,96,192.011272,4042.632043,4261.972391,2346.331483,1309061950,1309061950,0.86246,deep1b100M
NeuRoute,10,14,5,2500,0.25,0.6,1,10000,20,96,214.317842,4112.636967,4353.906315,2296.788051,1305164655,1305164655,0.86909,deep1b100M
NeuRoute,11,14,5,2500,0.25,0.7,1,10000,20,96,224.671002,4093.010536,4343.987642,2302.032332,1303697599,1303697599,0.87086,deep1b100M
NeuRoute,12,14,5,2500,0.3,0.5,1,10000,20,96,217.968026,4263.452745,4509.605126,2217.489053,1364415765,1364415765,0.87043,deep1b100M
NeuRoute,13,14,5,2500,0.3,0.6,1,10000,20,96,243.521122,4198.279959,4470.13095,2237.07093,1359505071,1359505071,0.87647,deep1b100M
NeuRoute,14,14,5,2500,0.3,0.7,1,10000,20,96,258.135607,4263.52471,4550.839121,2197.396949,1357118004,1357118004,0.87809,deep1b100M
NeuRoute,15,14,5,2500,0.39,0.5,1,10000,20,96,242.755293,4391.829163,4664.344262,2143.924084,1406513297,1406513297,0.87429,deep1b100M
NeuRoute,16,14,5,2500,0.39,0.6,1,10000,20,96,270.583918,4413.680568,4714.655729,2121.045645,1401469983,1401469983,0.87895,deep1b100M
NeuRoute,17,14,5,2500,0.39,0.7,1,10000,20,96,286.151744,4375.619469,4692.108246,2131.238129,1398808880,1398808880,0.87997,deep1b100M
NeuRoute,18,14,5,3000,0.25,0.5,1,10000,20,96,202.042416,4632.400128,4863.416463,2056.167732,1495157620,1495157620,0.86933,deep1b100M
NeuRoute,19,14,5,3000,0.25,0.6,1,10000,20,96,224.149682,4607.274345,4860.926881,2057.220823,1491305444,1491305444,0.87452,deep1b100M
NeuRoute,20,14,5,3000,0.25,0.7,1,10000,20,96,233.958208,4614.025472,4877.43661,2050.257297,1489886275,1489886275,0.87547,deep1b100M
NeuRoute,21,14,5,3000,0.3,0.5,1,10000,20,96,232.382475,4873.766909,5137.237328,1946.571544,1564945256,1564945256,0.87786,deep1b100M
NeuRoute,22,14,5,3000,0.3,0.6,1,10000,20,96,257.393701,4836.243521,5124.702194,1951.332901,1559728068,1559728068,0.88237,deep1b100M
NeuRoute,23,14,5,3000,0.3,0.7,1,10000,20,96,272.822297,4842.006058,5145.2569,1943.537552,1557034500,1557034500,0.8837,deep1b100M
NeuRoute,24,14,5,3000,0.39,0.5,1,10000,20,96,257.836825,5062.313524,5352.902835,1868.145249,1612291252,1612291252,0.88136,deep1b100M
NeuRoute,25,14,5,3000,0.39,0.6,1,10000,20,96,286.371077,5069.862982,5388.881517,1855.672642,1606778428,1606778428,0.88496,deep1b100M
NeuRoute,26,14,5,3000,0.39,0.7,1,10000,20,96,302.08583,5057.422116,5391.872582,1854.643233,1603680158,1603680158,0.886,deep1b100M
NeuRoute,27,15,5,2000,0.25,0.5,1,10000,20,96,194.430631,3515.120631,3735.045728,2677.343392,1120259758,1120259758,0.85847,deep1b100M
NeuRoute,28,15,5,2000,0.25,0.6,1,10000,20,96,220.287909,3510.73308,3756.747652,2661.876955,1116412140,1116412140,0.86759,deep1b100M
NeuRoute,29,15,5,2000,0.25,0.7,1,10000,20,96,232.511177,3509.626399,3768.241136,2653.757984,1114726546,1114726546,0.8704,deep1b100M
NeuRoute,30,15,5,2000,0.3,0.5,1,10000,20,96,226.133593,3696.70853,3950.367057,2531.410336,1178399348,1178399348,0.86665,deep1b100M
NeuRoute,31,15,5,2000,0.3,0.6,1,10000,20,96,255.980193,3689.207764,3973.730906,2516.526719,1173672562,1173672562,0.87466,deep1b100M
NeuRoute,32,15,5,2000,0.3,0.7,1,10000,20,96,274.202252,3708.573494,4011.410407,2492.888781,1171397339,1171397339,0.87703,deep1b100M
NeuRoute,33,15,5,2000,0.39,0.5,1,10000,20,96,260.239313,3971.672755,4262.553063,2346.011851,1244513290,1244513290,0.8715,deep1b100M
NeuRoute,34,15,5,2000,0.39,0.6,1,10000,20,96,293.167459,3920.256331,4243.88221,2356.333071,1239774801,1239774801,0.87764,deep1b100M
NeuRoute,35,15,5,2000,0.39,0.7,1,10000,20,96,311.479106,3939.795927,4283.695925,2334.432736,1237487948,1237487948,0.8789,deep1b100M
NeuRoute,36,15,5,2500,0.25,0.5,1,10000,20,96,210.060555,4133.861452,4373.210208,2286.649743,1331816227,1331816227,0.86981,deep1b100M
NeuRoute,37,15,5,2500,0.25,0.6,1,10000,20,96,235.534432,4108.813406,4372.941372,2286.79032,1327734887,1327734887,0.87713,deep1b100M
NeuRoute,38,15,5,2500,0.25,0.7,1,10000,20,96,247.932619,4130.691019,4407.100603,2269.065515,1326238937,1326238937,0.87876,deep1b100M
NeuRoute,39,15,5,2500,0.3,0.5,1,10000,20,96,243.74342,4364.15064,4639.52155,2155.394666,1401192496,1401192496,0.87831,deep1b100M
NeuRoute,40,15,5,2500,0.3,0.6,1,10000,20,96,277.359681,4368.502865,4677.568933,2137.862668,1395880953,1395880953,0.88485,deep1b100M
NeuRoute,41,15,5,2500,0.3,0.7,1,10000,20,96,294.119339,4422.069624,4747.072904,2106.561286,1393337612,1393337612,0.88659,deep1b100M
NeuRoute,42,15,5,2500,0.39,0.5,1,10000,20,96,281.952528,4665.442127,4981.030552,2007.616676,1471132821,1471132821,0.88256,deep1b100M
NeuRoute,43,15,5,2500,0.39,0.6,1,10000,20,96,315.325349,4615.687648,4965.199609,2014.017721,1465471232,1465471232,0.88743,deep1b100M
NeuRoute,44,15,5,2500,0.39,0.7,1,10000,20,96,335.413739,4584.088782,4956.280325,2017.642132,1462604046,1462604046,0.88852,deep1b100M
NeuRoute,45,15,5,3000,0.25,0.5,1,10000,20,96,221.073106,4692.786602,4944.752406,2022.34595,1523579769,1523579769,0.87709,deep1b100M
NeuRoute,46,15,5,3000,0.25,0.6,1,10000,20,96,247.221402,4716.007501,4993.712342,2002.51823,1519370824,1519370824,0.88291,deep1b100M
NeuRoute,47,15,5,3000,0.25,0.7,1,10000,20,96,259.603498,4707.079902,4997.31695,2001.073796,1517954330,1517954330,0.88385,deep1b100M
NeuRoute,48,15,5,3000,0.3,0.5,1,10000,20,96,258.731407,5071.452151,5363.268158,1864.534777,1607816604,1607816604,0.88619,deep1b100M
NeuRoute,49,15,5,3000,0.3,0.6,1,10000,20,96,294.854081,5000.843452,5328.428547,1876.725926,1601913877,1601913877,0.89149,deep1b100M
NeuRoute,50,15,5,3000,0.3,0.7,1,10000,20,96,312.721723,4953.876715,5299.385378,1887.011283,1598968171,1598968171,0.89285,deep1b100M
NeuRoute,51,15,5,3000,0.39,0.5,1,10000,20,96,298.813497,5294.944726,5628.969513,1776.5241,1682989212,1682989212,0.89008,deep1b100M
NeuRoute,52,15,5,3000,0.39,0.6,1,10000,20,96,336.527763,5295.554503,5667.017497,1764.596634,1676634935,1676634935,0.89428,deep1b100M
NeuRoute,53,15,5,3000,0.39,0.7,1,10000,20,96,356.507838,5248.828369,5639.795943,1773.113797,1673124779,1673124779,0.89515,deep1b100M
NeuRoute,54,15,6,2000,0.25,0.5,1,10000,20,96,231.716813,3610.570878,3870.418384,2583.700005,1153549722,1153549722,0.87312,deep1b100M
NeuRoute,55,15,6,2000,0.25,0.6,1,10000,20,96,261.616333,3626.760605,3915.935214,2553.668397,1149614202,1149614202,0.88282,deep1b100M
NeuRoute,56,15,6,2000,0.25,0.7,1,10000,20,96,277.529029,3602.05908,3907.309031,2559.306142,1147978040,1147978040,0.88552,deep1b100M
NeuRoute,57,15,6,2000,0.3,0.5,1,10000,20,96,278.201674,3986.952201,4296.100132,2327.692487,1249372490,1249372490,0.88233,deep1b100M
NeuRoute,58,15,6,2000,0.3,0.6,1,10000,20,96,318.050504,3921.306275,4270.766198,2341.500222,1244373834,1244373834,0.89106,deep1b100M
NeuRoute,59,15,6,2000,0.3,0.7,1,10000,20,96,338.412658,3947.378067,4317.292047,2316.266746,1242075791,1242075791,0.8935,deep1b100M
NeuRoute,60,15,6,2000,0.39,0.5,1,10000,20,96,342.746147,4542.339187,4922.514554,2031.482059,1406712201,1406712201,0.88841,deep1b100M
NeuRoute,61,15,6,2000,0.39,0.6,1,10000,20,96,388.576608,4436.303473,4861.695857,2056.895432,1401785879,1401785879,0.89481,deep1b100M
NeuRoute,62,15,6,2000,0.39,0.7,1,10000,20,96,415.040546,4509.413325,4961.936322,2015.342268,1399362254,1399362254,0.89638,deep1b100M
NeuRoute,63,15,6,2500,0.25,0.5,1,10000,20,96,252.694735,4230.986017,4511.684757,2216.466916,1368804462,1368804462,0.88662,deep1b100M
NeuRoute,64,15,6,2500,0.25,0.6,1,10000,20,96,282.143737,4264.94979,4575.785536,2185.41711,1364644987,1364644987,0.89431,deep1b100M
NeuRoute,65,15,6,2500,0.25,0.7,1,10000,20,96,297.077282,4280.05632,4606.937551,2170.639365,1363267794,1363267794,0.89587,deep1b100M
NeuRoute,66,15,6,2500,0.3,0.5,1,10000,20,96,301.615416,4611.692855,4946.817799,2021.501581,1475994086,1475994086,0.89598,deep1b100M
NeuRoute,67,15,6,2500,0.3,0.6,1,10000,20,96,344.836068,4619.09772,4997.026304,2001.190186,1470191520,1470191520,0.90332,deep1b100M
NeuRoute,68,15,6,2500,0.3,0.7,1,10000,20,96,368.147258,4666.664857,5067.146934,1973.497144,1467621662,1467621662,0.9052,deep1b100M
NeuRoute,69,15,6,2500,0.39,0.5,1,10000,20,96,371.125729,5225.201165,5636.156809,1774.258655,1637410901,1637410901,0.90149,deep1b100M
NeuRoute,70,15,6,2500,0.39,0.6,1,10000,20,96,425.25717,5261.954805,5726.229393,1746.349878,1631296855,1631296855,0.90702,deep1b100M
NeuRoute,71,15,6,2500,0.39,0.7,1,10000,20,96,454.232322,5206.418161,5699.086557,1754.667156,1628189439,1628189439,0.90837,deep1b100M
NeuRoute,72,15,6,3000,0.25,0.5,1,10000,20,96,265.282487,4879.033693,5174.947857,1932.38662,1566470455,1566470455,0.89506,deep1b100M
NeuRoute,73,15,6,3000,0.25,0.6,1,10000,20,96,296.284911,4861.460755,5188.432978,1927.364205,1562116163,1562116163,0.90112,deep1b100M
NeuRoute,74,15,6,3000,0.25,0.7,1,10000,20,96,310.47604,4912.427113,5253.816079,1903.378392,1560844707,1560844707,0.90209,deep1b100M
NeuRoute,75,15,6,3000,0.3,0.5,1,10000,20,96,322.988722,5341.707179,5699.447866,1754.555921,1688638703,1688638703,0.90567,deep1b100M
NeuRoute,76,15,6,3000,0.3,0.6,1,10000,20,96,371.052511,5281.543524,5687.58104,1758.216706,1682157168,1682157168,0.91173,deep1b100M
NeuRoute,77,15,6,3000,0.3,0.7,1,10000,20,96,395.210103,5330.616281,5760.841114,1735.857629,1679238133,1679238133,0.91308,deep1b100M
NeuRoute,78,15,6,3000,0.39,0.5,1,10000,20,96,401.687154,5901.771712,6345.401324,1575.94445,1855770751,1855770751,0.91082,deep1b100M
NeuRoute,79,15,6,3000,0.39,0.6,1,10000,20,96,455.444351,5900.980715,6396.920713,1563.252141,1848725260,1848725260,0.91549,deep1b100M
NeuRoute,80,15,6,3000,0.39,0.7,1,10000,20,96,489.547246,5906.935213,6437.092451,1553.496408,1844981343,1844981343,0.9164,deep1b100M
NeuRoute,0,14,5,500,0.25,0.5,1,10000,20,96,85.14157,1135.408941,1237.908013,8078.144656,359072015,359072015,0.70858,deep1b100M
NeuRoute,1,14,5,500,0.25,0.6,1,10000,20,96,90.455494,1114.900282,1223.92174,8170.457042,358223654,358223654,0.72395,deep1b100M
NeuRoute,2,14,5,500,0.25,0.7,1,10000,20,96,93.236202,1133.082897,1244.736636,8033.827969,357882349,357882349,0.73041,deep1b100M
NeuRoute,3,14,5,500,0.3,0.5,1,10000,20,96,98.251104,1240.491903,1358.952132,7358.610921,390366540,390366540,0.72393,deep1b100M
NeuRoute,4,14,5,500,0.3,0.6,1,10000,20,96,104.739055,1222.917332,1347.879559,7419.060504,389526788,389526788,0.73826,deep1b100M
NeuRoute,5,14,5,500,0.3,0.7,1,10000,20,96,107.929676,1220.968166,1349.23106,7411.628961,389190080,389190080,0.74356,deep1b100M
NeuRoute,6,14,5,500,0.39,0.5,1,10000,20,96,116.68442,1363.151449,1500.549193,6664.226702,425625280,425625280,0.73989,deep1b100M
NeuRoute,7,14,5,500,0.39,0.6,1,10000,20,96,123.796615,1361.6897,1506.751998,6636.792261,424799216,424799216,0.75101,deep1b100M
NeuRoute,8,14,5,500,0.39,0.7,1,10000,20,96,126.66532,1380.679413,1528.434846,6542.64068,424538870,424538870,0.75418,deep1b100M
NeuRoute,9,14,5,1000,0.25,0.5,1,10000,20,96,132.881401,1969.803566,2123.538934,4709.120158,626090859,626090859,0.79837,deep1b100M
NeuRoute,10,14,5,1000,0.25,0.6,1,10000,20,96,148.173019,1963.496755,2132.364372,4689.630033,623843308,623843308,0.81257,deep1b100M
NeuRoute,11,14,5,1000,0.25,0.7,1,10000,20,96,155.460824,1933.00938,2109.289628,4740.932619,622846280,622846280,0.81774,deep1b100M
NeuRoute,12,14,5,1000,0.3,0.5,1,10000,20,96,151.793688,2097.33225,2270.648302,4404.028572,658304532,658304532,0.80827,deep1b100M
NeuRoute,13,14,5,1000,0.3,0.6,1,10000,20,96,167.499434,2044.115559,2234.035809,4476.203989,656145553,656145553,0.81984,deep1b100M
NeuRoute,14,14,5,1000,0.3,0.7,1,10000,20,96,175.929989,2038.800604,2236.271603,4471.728741,655081770,655081770,0.82424,deep1b100M
NeuRoute,15,14,5,1000,0.39,0.5,1,10000,20,96,172.668074,2170.147578,2366.688369,4225.313367,693529692,693529692,0.81618,deep1b100M
NeuRoute,16,14,5,1000,0.39,0.6,1,10000,20,96,188.774885,2212.340036,2424.715666,4124.194907,691368342,691368342,0.82576,deep1b100M
NeuRoute,17,14,5,1000,0.39,0.7,1,10000,20,96,198.210009,2207.919082,2430.081968,4115.087529,690435427,690435427,0.8279,deep1b100M
NeuRoute,18,14,5,1500,0.25,0.5,1,10000,20,96,161.971938,2738.414627,2923.30645,3420.784024,874156657,874156657,0.83407,deep1b100M
NeuRoute,19,14,5,1500,0.25,0.6,1,10000,20,96,182.5241,2736.137725,2941.491058,3399.636376,870924182,870924182,0.8451,deep1b100M
NeuRoute,20,14,5,1500,0.25,0.7,1,10000,20,96,191.401986,2720.49123,2934.700047,3407.503268,869569976,869569976,0.84909,deep1b100M
NeuRoute,21,14,5,1500,0.3,0.5,1,10000,20,96,183.361625,2826.485475,3033.905966,3296.081063,910455081,910455081,0.84179,deep1b100M
NeuRoute,22,14,5,1500,0.3,0.6,1,10000,20,96,204.332724,2865.94819,3095.396657,3230.603735,906972458,906972458,0.85125,deep1b100M
NeuRoute,23,14,5,1500,0.3,0.7,1,10000,20,96,216.517178,2872.734703,3114.395597,3210.895883,905210726,905210726,0.85454,deep1b100M
NeuRoute,24,14,5,1500,0.39,0.5,1,10000,20,96,204.783992,2985.852495,3216.205574,3109.253986,946631015,946631015,0.84727,deep1b100M
NeuRoute,25,14,5,1500,0.39,0.6,1,10000,20,96,227.83908,2948.849175,3202.560271,3122.501734,943206046,943206046,0.85471,deep1b100M
NeuRoute,26,14,5,1500,0.39,0.7,1,10000,20,96,240.191771,2985.298313,3251.821173,3075.199855,941579515,941579515,0.85638,deep1b100M
NeuRoute,27,15,5,500,0.25,0.5,1,10000,20,96,88.770394,1160.90533,1268.447797,7883.651202,372564012,372564012,0.71079,deep1b100M
NeuRoute,28,15,5,500,0.25,0.6,1,10000,20,96,95.381217,1162.843024,1277.583348,7827.277974,371700194,371700194,0.72679,deep1b100M
NeuRoute,29,15,5,500,0.25,0.7,1,10000,20,96,98.269358,1176.870785,1294.348086,7725.897004,371350630,371350630,0.7331,deep1b100M
NeuRoute,30,15,5,500,0.3,0.5,1,10000,20,96,106.404798,1330.840024,1458.301642,6857.291874,418726806,418726806,0.72684,deep1b100M
NeuRoute,31,15,5,500,0.3,0.6,1,10000,20,96,113.331173,1324.282622,1458.65705,6855.621066,417899291,417899291,0.74154,deep1b100M
NeuRoute,32,15,5,500,0.3,0.7,1,10000,20,96,116.141118,1342.586304,1479.328655,6759.82309,417545220,417545220,0.74658,deep1b100M
NeuRoute,33,15,5,500,0.39,0.5,1,10000,20,96,128.700277,1553.623486,1706.282712,5860.6935,482138717,482138717,0.74239,deep1b100M
NeuRoute,34,15,5,500,0.39,0.6,1,10000,20,96,136.295952,1552.391951,1712.192065,5840.466268,481300260,481300260,0.75395,deep1b100M
NeuRoute,35,15,5,500,0.39,0.7,1,10000,20,96,139.860495,1577.762172,1741.201481,5743.160748,481038611,481038611,0.75697,deep1b100M
NeuRoute,36,15,5,1000,0.25,0.5,1,10000,20,96,143.274446,2011.563271,2176.475318,4594.58461,640088679,640088679,0.80306,deep1b100M
NeuRoute,37,15,5,1000,0.25,0.6,1,10000,20,96,159.52663,2032.820958,2214.240281,4516.221697,637757550,637757550,0.81747,deep1b100M
NeuRoute,38,15,5,1000,0.25,0.7,1,10000,20,96,167.445021,1982.564325,2170.942273,4606.294752,636814296,636814296,0.82292,deep1b100M
NeuRoute,39,15,5,1000,0.3,0.5,1,10000,20,96,165.530351,2162.913274,2352.067302,4251.579022,687114578,687114578,0.81307,deep1b100M
NeuRoute,40,15,5,1000,0.3,0.6,1,10000,20,96,183.315077,2192.607327,2399.457195,4167.60925,684812655,684812655,0.82506,deep1b100M
NeuRoute,41,15,5,1000,0.3,0.7,1,10000,20,96,191.57965,2206.207784,2420.960645,4130.591722,683745993,683745993,0.82959,deep1b100M
NeuRoute,42,15,5,1000,0.39,0.5,1,10000,20,96,193.441291,2382.260874,2601.639574,3843.729969,750374806,750374806,0.82115,deep1b100M
NeuRoute,43,15,5,1000,0.39,0.6,1,10000,20,96,212.711471,2416.147733,2655.43875,3765.856019,748127204,748127204,0.83098,deep1b100M
NeuRoute,44,15,5,1000,0.39,0.7,1,10000,20,96,222.254868,2391.669949,2640.856457,3786.65034,747189761,747189761,0.83294,deep1b100M
NeuRoute,45,15,5,1500,0.25,0.5,1,10000,20,96,175.334318,2778.962463,2977.987364,3357.97261,889717609,889717609,0.83969,deep1b100M
NeuRoute,46,15,5,1500,0.25,0.6,1,10000,20,96,198.172028,2806.026289,3027.918285,3302.599033,886337803,886337803,0.85113,deep1b100M
NeuRoute,47,15,5,1500,0.25,0.7,1,10000,20,96,208.796589,2766.551602,2999.604177,3333.773195,884902456,884902456,0.85514,deep1b100M
NeuRoute,48,15,5,1500,0.3,0.5,1,10000,20,96,199.851165,2963.757112,3189.496573,3135.291031,940649029,940649029,0.8475,deep1b100M
NeuRoute,49,15,5,1500,0.3,0.6,1,10000,20,96,226.848928,2981.339077,3235.090539,3091.103596,936981667,936981667,0.85752,deep1b100M
NeuRoute,50,15,5,1500,0.3,0.7,1,10000,20,96,238.890614,2980.275928,3245.346187,3081.335372,935183981,935183981,0.86088,deep1b100M
NeuRoute,51,15,5,1500,0.39,0.5,1,10000,20,96,232.601236,3251.344026,3513.390407,2846.253573,1004774076,1004774076,0.85341,deep1b100M
NeuRoute,52,15,5,1500,0.39,0.6,1,10000,20,96,259.888664,3171.455114,3459.713752,2890.412536,1001181506,1001181506,0.86135,deep1b100M
NeuRoute,53,15,5,1500,0.39,0.7,1,10000,20,96,276.515483,3169.55436,3475.422524,2877.347986,999532116,999532116,0.86278,deep1b100M
NeuRoute,54,15,6,500,0.25,0.5,1,10000,20,96,101.018338,1264.478893,1386.665271,7211.54572,402648459,402648459,0.7162,deep1b100M
NeuRoute,55,15,6,500,0.25,0.6,1,10000,20,96,108.440757,1283.113598,1412.127655,7081.512755,401777577,401777577,0.73264,deep1b100M
NeuRoute,56,15,6,500,0.25,0.7,1,10000,20,96,111.444175,1285.647924,1417.621758,7054.067803,401446247,401446247,0.73914,deep1b100M
NeuRoute,57,15,6,500,0.3,0.5,1,10000,20,96,124.485881,1567.472241,1716.030524,5827.40217,486301686,486301686,0.73329,deep1b100M
NeuRoute,58,15,6,500,0.3,0.6,1,10000,20,96,132.659463,1546.943824,1703.796355,5869.246034,485456105,485456105,0.7483,deep1b100M
NeuRoute,59,15,6,500,0.3,0.7,1,10000,20,96,135.809127,1571.647733,1731.605033,5774.98899,485112144,485112144,0.75347,deep1b100M
NeuRoute,60,15,6,500,0.39,0.5,1,10000,20,96,160.179398,2121.985423,2313.277602,4322.870714,640797596,640797596,0.74988,deep1b100M
NeuRoute,61,15,6,500,0.39,0.6,1,10000,20,96,168.562273,2069.725572,2268.941162,4407.342142,639951357,639951357,0.76158,deep1b100M
NeuRoute,62,15,6,500,0.39,0.7,1,10000,20,96,172.04387,2116.416791,2319.281093,4311.680904,639698681,639698681,0.76458,deep1b100M
NeuRoute,63,15,6,1000,0.25,0.5,1,10000,20,96,165.610452,2127.110993,2315.824433,4318.116632,670295021,670295021,0.81302,deep1b100M
NeuRoute,64,15,6,1000,0.25,0.6,1,10000,20,96,184.321239,2083.350295,2290.386513,4366.075308,667867910,667867910,0.82798,deep1b100M
NeuRoute,65,15,6,1000,0.25,0.7,1,10000,20,96,193.432645,2104.95212,2321.152382,4308.204872,666919310,666919310,0.83319,deep1b100M
NeuRoute,66,15,6,1000,0.3,0.5,1,10000,20,96,198.669102,2413.968986,2640.085466,3787.756165,754794549,754794549,0.82393,deep1b100M
NeuRoute,67,15,6,1000,0.3,0.6,1,10000,20,96,218.486091,2414.617646,2659.620084,3759.935511,752400638,752400638,0.8363,deep1b100M
NeuRoute,68,15,6,1000,0.3,0.7,1,10000,20,96,229.278608,2414.661277,2670.713045,3744.318402,751332942,751332942,0.84084,deep1b100M
NeuRoute,69,15,6,1000,0.39,0.5,1,10000,20,96,245.358999,2895.759975,3173.953193,3150.645076,909167306,909167306,0.83325,deep1b100M
NeuRoute,70,15,6,1000,0.39,0.6,1,10000,20,96,269.867661,2885.067937,3188.921533,3135.856401,906856326,906856326,0.84307,deep1b100M
NeuRoute,71,15,6,1000,0.39,0.7,1,10000,20,96,281.344174,2982.028233,3295.2254,3034.693772,905886284,905886284,0.8451,deep1b100M
NeuRoute,72,15,6,1500,0.25,0.5,1,10000,20,96,205.52202,2899.821644,3130.307221,3194.57462,920936733,920936733,0.85182,deep1b100M
NeuRoute,73,15,6,1500,0.25,0.6,1,10000,20,96,232.968637,2897.203019,3155.680939,3168.888171,917534876,917534876,0.8642,deep1b100M
NeuRoute,74,15,6,1500,0.25,0.7,1,10000,20,96,243.994313,2876.671126,3146.551971,3178.081942,916113170,916113170,0.86811,deep1b100M
NeuRoute,75,15,6,1500,0.3,0.5,1,10000,20,96,244.458926,3184.777279,3458.125715,2891.739868,1009447534,1009447534,0.86068,deep1b100M
NeuRoute,76,15,6,1500,0.3,0.6,1,10000,20,96,276.294978,3211.619048,3516.498823,2843.737622,1005621770,1005621770,0.87143,deep1b100M
NeuRoute,77,15,6,1500,0.3,0.7,1,10000,20,96,293.198808,3196.456523,3518.265235,2842.309869,1003788637,1003788637,0.87465,deep1b100M
NeuRoute,78,15,6,1500,0.39,0.5,1,10000,20,96,299.725922,3741.400349,4077.42167,2452.530253,1164645291,1164645291,0.86754,deep1b100M
NeuRoute,79,15,6,1500,0.39,0.6,1,10000,20,96,337.420793,3682.934016,4056.048605,2465.45369,1160953207,1160953207,0.87554,deep1b100M
NeuRoute,80,15,6,1500,0.39,0.7,1,10000,20,96,354.806869,3800.287134,4190.7879,2386.186139,1159229575,1159229575,0.87716,deep1b100M
NeuRoute,0,14,5,2000,0.25,0.5,1,10000,20,96,181.997409,3430.195859,3637.888011,2748.847675,1102069190,1102069190,0.85183,deep1b100M
NeuRoute,1,14,5,2000,0.25,0.6,1,10000,20,96,202.628469,3432.650496,3659.817452,2732.376719,1098375735,1098375735,0.86023,deep1b100M
NeuRoute,2,14,5,2000,0.25,0.7,1,10000,20,96,212.459938,3431.138162,3668.794985,2725.690599,1096799158,1096799158,0.86307,deep1b100M
NeuRoute,3,14,5,2000,0.3,0.5,1,10000,20,96,204.03332,3573.260791,3803.684071,2629.030123,1145827364,1145827364,0.85944,deep1b100M
NeuRoute,4,14,5,2000,0.3,0.6,1,10000,20,96,228.254642,3580.246489,3835.441355,2607.26187,1141385166,1141385166,0.86714,deep1b100M
NeuRoute,5,14,5,2000,0.3,0.7,1,10000,20,96,242.501354,3577.947766,3847.36526,2599.181342,1139204956,1139204956,0.86954,deep1b100M
NeuRoute,6,14,5,2000,0.39,0.5,1,10000,20,96,225.819702,3739.182648,3993.041322,2504.356753,1184001582,1184001582,0.86387,deep1b100M
NeuRoute,7,14,5,2000,0.39,0.6,1,10000,20,96,254.083897,3674.046041,3957.300657,2526.975044,1179616828,1179616828,0.87006,deep1b100M
NeuRoute,8,14,5,2000,0.39,0.7,1,10000,20,96,268.512632,3751.302291,4048.103003,2470.292874,1177406368,1177406368,0.87141,deep1b100M
NeuRoute,9,14,5,2500,0.25,0.5,1,10000,20,96,192.011272,4042.632043,4261.972391,2346.331483,1309061950,1309061950,0.86246,deep1b100M
NeuRoute,10,14,5,2500,0.25,0.6,1,10000,20,96,214.317842,4112.636967,4353.906315,2296.788051,1305164655,1305164655,0.86909,deep1b100M
NeuRoute,11,14,5,2500,0.25,0.7,1,10000,20,96,224.671002,4093.010536,4343.987642,2302.032332,1303697599,1303697599,0.87086,deep1b100M
NeuRoute,12,14,5,2500,0.3,0.5,1,10000,20,96,217.968026,4263.452745,4509.605126,2217.489053,1364415765,1364415765,0.87043,deep1b100M
NeuRoute,13,14,5,2500,0.3,0.6,1,10000,20,96,243.521122,4198.279959,4470.13095,2237.07093,1359505071,1359505071,0.87647,deep1b100M
NeuRoute,14,14,5,2500,0.3,0.7,1,10000,20,96,258.135607,4263.52471,4550.839121,2197.396949,1357118004,1357118004,0.87809,deep1b100M
NeuRoute,15,14,5,2500,0.39,0.5,1,10000,20,96,242.755293,4391.829163,4664.344262,2143.924084,1406513297,1406513297,0.87429,deep1b100M
NeuRoute,16,14,5,2500,0.39,0.6,1,10000,20,96,270.583918,4413.680568,4714.655729,2121.045645,1401469983,1401469983,0.87895,deep1b100M
NeuRoute,17,14,5,2500,0.39,0.7,1,10000,20,96,286.151744,4375.619469,4692.108246,2131.238129,1398808880,1398808880,0.87997,deep1b100M
NeuRoute,18,14,5,3000,0.25,0.5,1,10000,20,96,202.042416,4632.400128,4863.416463,2056.167732,1495157620,1495157620,0.86933,deep1b100M
NeuRoute,19,14,5,3000,0.25,0.6,1,10000,20,96,224.149682,4607.274345,4860.926881,2057.220823,1491305444,1491305444,0.87452,deep1b100M
NeuRoute,20,14,5,3000,0.25,0.7,1,10000,20,96,233.958208,4614.025472,4877.43661,2050.257297,1489886275,1489886275,0.87547,deep1b100M
NeuRoute,21,14,5,3000,0.3,0.5,1,10000,20,96,232.382475,4873.766909,5137.237328,1946.571544,1564945256,1564945256,0.87786,deep1b100M
NeuRoute,22,14,5,3000,0.3,0.6,1,10000,20,96,257.393701,4836.243521,5124.702194,1951.332901,1559728068,1559728068,0.88237,deep1b100M
NeuRoute,23,14,5,3000,0.3,0.7,1,10000,20,96,272.822297,4842.006058,5145.2569,1943.537552,1557034500,1557034500,0.8837,deep1b100M
NeuRoute,24,14,5,3000,0.39,0.5,1,10000,20,96,257.836825,5062.313524,5352.902835,1868.145249,1612291252,1612291252,0.88136,deep1b100M
NeuRoute,25,14,5,3000,0.39,0.6,1,10000,20,96,286.371077,5069.862982,5388.881517,1855.672642,1606778428,1606778428,0.88496,deep1b100M
NeuRoute,26,14,5,3000,0.39,0.7,1,10000,20,96,302.08583,5057.422116,5391.872582,1854.643233,1603680158,1603680158,0.886,deep1b100M
NeuRoute,27,15,5,2000,0.25,0.5,1,10000,20,96,194.430631,3515.120631,3735.045728,2677.343392,1120259758,1120259758,0.85847,deep1b100M
NeuRoute,28,15,5,2000,0.25,0.6,1,10000,20,96,220.287909,3510.73308,3756.747652,2661.876955,1116412140,1116412140,0.86759,deep1b100M
NeuRoute,29,15,5,2000,0.25,0.7,1,10000,20,96,232.511177,3509.626399,3768.241136,2653.757984,1114726546,1114726546,0.8704,deep1b100M
NeuRoute,30,15,5,2000,0.3,0.5,1,10000,20,96,226.133593,3696.70853,3950.367057,2531.410336,1178399348,1178399348,0.86665,deep1b100M
NeuRoute,31,15,5,2000,0.3,0.6,1,10000,20,96,255.980193,3689.207764,3973.730906,2516.526719,1173672562,1173672562,0.87466,deep1b100M
NeuRoute,32,15,5,2000,0.3,0.7,1,10000,20,96,274.202252,3708.573494,4011.410407,2492.888781,1171397339,1171397339,0.87703,deep1b100M
NeuRoute,33,15,5,2000,0.39,0.5,1,10000,20,96,260.239313,3971.672755,4262.553063,2346.011851,1244513290,1244513290,0.8715,deep1b100M
NeuRoute,34,15,5,2000,0.39,0.6,1,10000,20,96,293.167459,3920.256331,4243.88221,2356.333071,1239774801,1239774801,0.87764,deep1b100M
NeuRoute,35,15,5,2000,0.39,0.7,1,10000,20,96,311.479106,3939.795927,4283.695925,2334.432736,1237487948,1237487948,0.8789,deep1b100M
NeuRoute,36,15,5,2500,0.25,0.5,1,10000,20,96,210.060555,4133.861452,4373.210208,2286.649743,1331816227,1331816227,0.86981,deep1b100M
NeuRoute,37,15,5,2500,0.25,0.6,1,10000,20,96,235.534432,4108.813406,4372.941372,2286.79032,1327734887,1327734887,0.87713,deep1b100M
NeuRoute,38,15,5,2500,0.25,0.7,1,10000,20,96,247.932619,4130.691019,4407.100603,2269.065515,1326238937,1326238937,0.87876,deep1b100M
NeuRoute,39,15,5,2500,0.3,0.5,1,10000,20,96,243.74342,4364.15064,4639.52155,2155.394666,1401192496,1401192496,0.87831,deep1b100M
NeuRoute,40,15,5,2500,0.3,0.6,1,10000,20,96,277.359681,4368.502865,4677.568933,2137.862668,1395880953,1395880953,0.88485,deep1b100M
NeuRoute,41,15,5,2500,0.3,0.7,1,10000,20,96,294.119339,4422.069624,4747.072904,2106.561286,1393337612,1393337612,0.88659,deep1b100M
NeuRoute,42,15,5,2500,0.39,0.5,1,10000,20,96,281.952528,4665.442127,4981.030552,2007.616676,1471132821,1471132821,0.88256,deep1b100M
NeuRoute,43,15,5,2500,0.39,0.6,1,10000,20,96,315.325349,4615.687648,4965.199609,2014.017721,1465471232,1465471232,0.88743,deep1b100M
NeuRoute,44,15,5,2500,0.39,0.7,1,10000,20,96,335.413739,4584.088782,4956.280325,2017.642132,1462604046,1462604046,0.88852,deep1b100M
NeuRoute,45,15,5,3000,0.25,0.5,1,10000,20,96,221.073106,4692.786602,4944.752406,2022.34595,1523579769,1523579769,0.87709,deep1b100M
NeuRoute,46,15,5,3000,0.25,0.6,1,10000,20,96,247.221402,4716.007501,4993.712342,2002.51823,1519370824,1519370824,0.88291,deep1b100M
NeuRoute,47,15,5,3000,0.25,0.7,1,10000,20,96,259.603498,4707.079902,4997.31695,2001.073796,1517954330,1517954330,0.88385,deep1b100M
NeuRoute,48,15,5,3000,0.3,0.5,1,10000,20,96,258.731407,5071.452151,5363.268158,1864.534777,1607816604,1607816604,0.88619,deep1b100M
NeuRoute,49,15,5,3000,0.3,0.6,1,10000,20,96,294.854081,5000.843452,5328.428547,1876.725926,1601913877,1601913877,0.89149,deep1b100M
NeuRoute,50,15,5,3000,0.3,0.7,1,10000,20,96,312.721723,4953.876715,5299.385378,1887.011283,1598968171,1598968171,0.89285,deep1b100M
NeuRoute,51,15,5,3000,0.39,0.5,1,10000,20,96,298.813497,5294.944726,5628.969513,1776.5241,1682989212,1682989212,0.89008,deep1b100M
NeuRoute,52,15,5,3000,0.39,0.6,1,10000,20,96,336.527763,5295.554503,5667.017497,1764.596634,1676634935,1676634935,0.89428,deep1b100M
NeuRoute,53,15,5,3000,0.39,0.7,1,10000,20,96,356.507838,5248.828369,5639.795943,1773.113797,1673124779,1673124779,0.89515,deep1b100M
NeuRoute,54,15,6,2000,0.25,0.5,1,10000,20,96,231.716813,3610.570878,3870.418384,2583.700005,1153549722,1153549722,0.87312,deep1b100M
NeuRoute,55,15,6,2000,0.25,0.6,1,10000,20,96,261.616333,3626.760605,3915.935214,2553.668397,1149614202,1149614202,0.88282,deep1b100M
NeuRoute,56,15,6,2000,0.25,0.7,1,10000,20,96,277.529029,3602.05908,3907.309031,2559.306142,1147978040,1147978040,0.88552,deep1b100M
NeuRoute,57,15,6,2000,0.3,0.5,1,10000,20,96,278.201674,3986.952201,4296.100132,2327.692487,1249372490,1249372490,0.88233,deep1b100M
NeuRoute,58,15,6,2000,0.3,0.6,1,10000,20,96,318.050504,3921.306275,4270.766198,2341.500222,1244373834,1244373834,0.89106,deep1b100M
NeuRoute,59,15,6,2000,0.3,0.7,1,10000,20,96,338.412658,3947.378067,4317.292047,2316.266746,1242075791,1242075791,0.8935,deep1b100M
NeuRoute,60,15,6,2000,0.39,0.5,1,10000,20,96,342.746147,4542.339187,4922.514554,2031.482059,1406712201,1406712201,0.88841,deep1b100M
NeuRoute,61,15,6,2000,0.39,0.6,1,10000,20,96,388.576608,4436.303473,4861.695857,2056.895432,1401785879,1401785879,0.89481,deep1b100M
NeuRoute,62,15,6,2000,0.39,0.7,1,10000,20,96,415.040546,4509.413325,4961.936322,2015.342268,1399362254,1399362254,0.89638,deep1b100M
NeuRoute,63,15,6,2500,0.25,0.5,1,10000,20,96,252.694735,4230.986017,4511.684757,2216.466916,1368804462,1368804462,0.88662,deep1b100M
NeuRoute,64,15,6,2500,0.25,0.6,1,10000,20,96,282.143737,4264.94979,4575.785536,2185.41711,1364644987,1364644987,0.89431,deep1b100M
NeuRoute,65,15,6,2500,0.25,0.7,1,10000,20,96,297.077282,4280.05632,4606.937551,2170.639365,1363267794,1363267794,0.89587,deep1b100M
NeuRoute,66,15,6,2500,0.3,0.5,1,10000,20,96,301.615416,4611.692855,4946.817799,2021.501581,1475994086,1475994086,0.89598,deep1b100M
NeuRoute,67,15,6,2500,0.3,0.6,1,10000,20,96,344.836068,4619.09772,4997.026304,2001.190186,1470191520,1470191520,0.90332,deep1b100M
NeuRoute,68,15,6,2500,0.3,0.7,1,10000,20,96,368.147258,4666.664857,5067.146934,1973.497144,1467621662,1467621662,0.9052,deep1b100M
NeuRoute,69,15,6,2500,0.39,0.5,1,10000,20,96,371.125729,5225.201165,5636.156809,1774.258655,1637410901,1637410901,0.90149,deep1b100M
NeuRoute,70,15,6,2500,0.39,0.6,1,10000,20,96,425.25717,5261.954805,5726.229393,1746.349878,1631296855,1631296855,0.90702,deep1b100M
NeuRoute,71,15,6,2500,0.39,0.7,1,10000,20,96,454.232322,5206.418161,5699.086557,1754.667156,1628189439,1628189439,0.90837,deep1b100M
NeuRoute,72,15,6,3000,0.25,0.5,1,10000,20,96,265.282487,4879.033693,5174.947857,1932.38662,1566470455,1566470455,0.89506,deep1b100M
NeuRoute,73,15,6,3000,0.25,0.6,1,10000,20,96,296.284911,4861.460755,5188.432978,1927.364205,1562116163,1562116163,0.90112,deep1b100M
NeuRoute,74,15,6,3000,0.25,0.7,1,10000,20,96,310.47604,4912.427113,5253.816079,1903.378392,1560844707,1560844707,0.90209,deep1b100M
NeuRoute,75,15,6,3000,0.3,0.5,1,10000,20,96,322.988722,5341.707179,5699.447866,1754.555921,1688638703,1688638703,0.90567,deep1b100M
NeuRoute,76,15,6,3000,0.3,0.6,1,10000,20,96,371.052511,5281.543524,5687.58104,1758.216706,1682157168,1682157168,0.91173,deep1b100M
NeuRoute,77,15,6,3000,0.3,0.7,1,10000,20,96,395.210103,5330.616281,5760.841114,1735.857629,1679238133,1679238133,0.91308,deep1b100M
NeuRoute,78,15,6,3000,0.39,0.5,1,10000,20,96,401.687154,5901.771712,6345.401324,1575.94445,1855770751,1855770751,0.91082,deep1b100M
NeuRoute,79,15,6,3000,0.39,0.6,1,10000,20,96,455.444351,5900.980715,6396.920713,1563.252141,1848725260,1848725260,0.91549,deep1b100M
NeuRoute,80,15,6,3000,0.39,0.7,1,10000,20,96,489.547246,5906.935213,6437.092451,1553.496408,1844981343,1844981343,0.9164,deep1b100M
NeuRoute,0,15,5,3500,0.25,0.5,1,10000,20,96,232.160949,5262.588406,5525.738143,1809.712972,1696204847,1696204847,0.88179,deep1b100M
NeuRoute,1,15,5,3500,0.25,0.6,1,10000,20,96,253.70235,5227.486122,5510.825157,1814.610283,1692258294,1692258294,0.88632,deep1b100M
NeuRoute,2,15,5,3500,0.25,0.7,1,10000,20,96,265.201776,5286.210551,5582.043723,1791.458558,1690973545,1690973545,0.88691,deep1b100M
NeuRoute,3,15,5,3500,0.3,0.5,1,10000,20,96,269.228428,5629.33449,5933.44614,1685.361216,1797423630,1797423630,0.89148,deep1b100M
NeuRoute,4,15,5,3500,0.3,0.6,1,10000,20,96,302.486164,5592.766068,5929.838646,1686.386527,1791306282,1791306282,0.89588,deep1b100M
NeuRoute,5,15,5,3500,0.3,0.7,1,10000,20,96,321.811126,5572.76829,5929.109184,1686.594004,1788309896,1788309896,0.89688,deep1b100M
NeuRoute,6,15,5,3500,0.39,0.5,1,10000,20,96,314.458068,5908.510545,6260.244857,1597.381609,1880055921,1880055921,0.89542,deep1b100M
NeuRoute,7,15,5,3500,0.39,0.6,1,10000,20,96,353.608586,5959.74596,6349.897109,1574.828667,1873118920,1873118920,0.89893,deep1b100M
NeuRoute,8,15,5,3500,0.39,0.7,1,10000,20,96,375.791374,5963.437843,6376.312657,1568.304526,1869299448,1869299448,0.89962,deep1b100M
NeuRoute,9,15,5,4000,0.25,0.5,1,10000,20,96,239.216366,5772.688404,6043.643439,1654.631035,1851537930,1851537930,0.88522,deep1b100M
NeuRoute,10,15,5,4000,0.25,0.6,1,10000,20,96,258.532012,5713.256866,6004.455893,1665.429837,1848000049,1848000049,0.8887,deep1b100M
NeuRoute,11,15,5,4000,0.25,0.7,1,10000,20,96,269.010078,5765.376724,6066.349081,1648.437943,1846644567,1846644567,0.88919,deep1b100M
NeuRoute,12,15,5,4000,0.3,0.5,1,10000,20,96,279.14067,6145.800309,6460.944618,1547.761294,1971585214,1971585214,0.8951,deep1b100M
NeuRoute,13,15,5,4000,0.3,0.6,1,10000,20,96,312.742472,6165.571211,6513.189892,1535.345993,1965332593,1965332593,0.89874,deep1b100M
NeuRoute,14,15,5,4000,0.3,0.7,1,10000,20,96,330.425568,6166.943572,6533.005838,1530.688973,1962352076,1962352076,0.89958,deep1b100M
NeuRoute,15,15,5,4000,0.39,0.5,1,10000,20,96,329.946626,6484.899098,6853.469811,1459.114912,2063025036,2063025036,0.89892,deep1b100M
NeuRoute,16,15,5,4000,0.39,0.6,1,10000,20,96,366.062057,6472.988859,6876.466049,1454.235348,2055805136,2055805136,0.90216,deep1b100M
NeuRoute,17,15,5,4000,0.39,0.7,1,10000,20,96,385.990584,6447.324814,6871.183354,1455.353392,2051827778,2051827778,0.90282,deep1b100M
NeuRoute,18,15,5,4500,0.25,0.5,1,10000,20,96,241.921755,6160.025141,6434.77379,1554.056184,1990141715,1990141715,0.88767,deep1b100M
NeuRoute,19,15,5,4500,0.25,0.6,1,10000,20,96,259.983842,6130.315247,6423.608513,1556.757386,1987160654,1987160654,0.89027,deep1b100M
NeuRoute,20,15,5,4500,0.25,0.7,1,10000,20,96,270.661995,6203.79746,6507.484032,1536.692207,1985974703,1985974703,0.8907,deep1b100M
NeuRoute,21,15,5,4500,0.3,0.5,1,10000,20,96,286.743247,6586.242065,6909.334893,1447.317311,2129977395,2129977395,0.89793,deep1b100M
NeuRoute,22,15,5,4500,0.3,0.6,1,10000,20,96,319.368974,6565.383328,6920.520379,1444.978044,2124101649,2124101649,0.90087,deep1b100M
NeuRoute,23,15,5,4500,0.3,0.7,1,10000,20,96,336.615508,6656.639948,7030.255249,1422.423461,2121163113,2121163113,0.9015,deep1b100M
NeuRoute,24,15,5,4500,0.39,0.5,1,10000,20,96,343.996379,7010.782408,7393.494847,1352.540335,2232645288,2232645288,0.9019,deep1b100M
NeuRoute,25,15,5,4500,0.39,0.6,1,10000,20,96,375.453047,7038.105352,7452.737971,1341.788755,2225425027,2225425027,0.90461,deep1b100M
NeuRoute,26,15,5,4500,0.39,0.7,1,10000,20,96,397.781729,6934.35665,7371.159042,1356.638752,2221329622,2221329622,0.90507,deep1b100M
NeuRoute,27,15,5,5000,0.25,0.5,1,10000,20,96,246.213796,6507.620308,6787.63458,1473.26729,2113594979,2113594979,0.88923,deep1b100M
NeuRoute,28,15,5,5000,0.25,0.6,1,10000,20,96,263.320317,6563.035162,6861.130128,1457.485839,2110994976,2110994976,0.89121,deep1b100M
NeuRoute,29,15,5,5000,0.25,0.7,1,10000,20,96,272.272673,6512.304757,6819.486471,1466.386075,2109957876,2109957876,0.89158,deep1b100M
NeuRoute,30,15,5,5000,0.3,0.5,1,10000,20,96,294.481219,7110.121467,7442.642996,1343.608716,2274485203,2274485203,0.90006,deep1b100M
NeuRoute,31,15,5,5000,0.3,0.6,1,10000,20,96,324.50856,7053.752939,7415.381207,1348.548338,2269057399,2269057399,0.90228,deep1b100M
NeuRoute,32,15,5,5000,0.3,0.7,1,10000,20,96,340.015612,7070.68924,7448.365418,1342.57645,2266195994,2266195994,0.90291,deep1b100M
NeuRoute,33,15,5,5000,0.39,0.5,1,10000,20,96,352.538855,7470.66253,7863.352223,1271.722252,2388594600,2388594600,0.90395,deep1b100M
NeuRoute,34,15,5,5000,0.39,0.6,1,10000,20,96,383.146515,7477.979401,7902.414685,1265.435996,2381513356,2381513356,0.90634,deep1b100M
NeuRoute,35,15,5,5000,0.39,0.7,1,10000,20,96,403.409322,7541.791718,7985.882408,1252.209773,2377387596,2377387596,0.90676,deep1b100M
NeuRoute,36,15,6,3500,0.25,0.5,1,10000,20,96,276.580505,5444.559847,5753.13947,1738.181397,1746928759,1746928759,0.90084,deep1b100M
NeuRoute,37,15,6,3500,0.25,0.6,1,10000,20,96,306.249131,5458.950771,5798.132345,1724.693299,1742543319,1742543319,0.90597,deep1b100M
NeuRoute,38,15,6,3500,0.25,0.7,1,10000,20,96,320.66964,5457.288235,5811.291874,1720.787773,1741422215,1741422215,0.90665,deep1b100M
NeuRoute,39,15,6,3500,0.3,0.5,1,10000,20,96,336.023525,5923.309356,6296.826924,1588.101455,1886802382,1886802382,0.91201,deep1b100M
NeuRoute,40,15,6,3500,0.3,0.6,1,10000,20,96,387.365219,5960.043219,6383.620971,1566.509046,1879707872,1879707872,0.9175,deep1b100M
NeuRoute,41,15,6,3500,0.3,0.7,1,10000,20,96,414.893981,5923.479527,6374.665539,1568.709753,1876737013,1876737013,0.91859,deep1b100M
NeuRoute,42,15,6,3500,0.39,0.5,1,10000,20,96,422.545932,6630.762312,7097.198133,1409.006739,2061605286,2061605286,0.9173,deep1b100M
NeuRoute,43,15,6,3500,0.39,0.6,1,10000,20,96,481.592526,6490.790858,7016.746383,1425.161956,2053596952,2053596952,0.92182,deep1b100M
NeuRoute,44,15,6,3500,0.39,0.7,1,10000,20,96,516.823051,6579.101357,7140.067815,1400.546922,2049327206,2049327206,0.92273,deep1b100M
NeuRoute,45,15,6,4000,0.25,0.5,1,10000,20,96,284.359584,5951.590152,6269.421835,1595.043413,1911793987,1911793987,0.90492,deep1b100M
NeuRoute,46,15,6,4000,0.25,0.6,1,10000,20,96,312.316842,5936.159312,6283.330522,1591.512648,1907837971,1907837971,0.90901,deep1b100M
NeuRoute,47,15,6,4000,0.25,0.7,1,10000,20,96,326.68338,5923.91238,6285.011213,1591.087058,1906640830,1906640830,0.90957,deep1b100M
NeuRoute,48,15,6,4000,0.3,0.5,1,10000,20,96,350.942802,6554.049613,6944.531866,1439.981872,2071363947,2071363947,0.91694,deep1b100M
NeuRoute,49,15,6,4000,0.3,0.6,1,10000,20,96,401.758057,6496.624809,6936.274837,1441.696045,2063970303,2063970303,0.92184,deep1b100M
NeuRoute,50,15,6,4000,0.3,0.7,1,10000,20,96,427.2723,6516.732083,6982.670761,1432.116785,2060854868,2060854868,0.92267,deep1b100M
NeuRoute,51,15,6,4000,0.39,0.5,1,10000,20,96,442.159067,7131.401748,7618.763423,1312.548959,2255972764,2255972764,0.922,deep1b100M
NeuRoute,52,15,6,4000,0.39,0.6,1,10000,20,96,501.803756,7119.107337,7665.823867,1304.491229,2247055365,2247055365,0.9264,deep1b100M
NeuRoute,53,15,6,4000,0.39,0.7,1,10000,20,96,538.317755,7113.131468,7697.247503,1299.165708,2242327980,2242327980,0.92733,deep1b100M
NeuRoute,54,15,6,4500,0.25,0.5,1,10000,20,96,291.317039,6433.845525,6760.089238,1479.270413,2062061878,2062061878,0.90803,deep1b100M
NeuRoute,55,15,6,4500,0.25,0.6,1,10000,20,96,318.979521,6393.993477,6748.653912,1481.776978,2058620685,2058620685,0.91133,deep1b100M
NeuRoute,56,15,6,4500,0.25,0.7,1,10000,20,96,332.743196,6405.902224,6774.969181,1476.021474,2057445451,2057445451,0.91176,deep1b100M
NeuRoute,57,15,6,4500,0.3,0.5,1,10000,20,96,365.037519,7020.51446,7426.502442,1346.528878,2242866731,2242866731,0.92042,deep1b100M
NeuRoute,58,15,6,4500,0.3,0.6,1,10000,20,96,411.233346,7063.870637,7515.796221,1330.531018,2235377708,2235377708,0.92489,deep1b100M
NeuRoute,59,15,6,4500,0.3,0.7,1,10000,20,96,436.836707,7032.375276,7511.101342,1331.362678,2232179181,2232179181,0.92554,deep1b100M
NeuRoute,60,15,6,4500,0.39,0.5,1,10000,20,96,460.07001,7779.07486,8286.40594,1206.795814,2439181555,2439181555,0.92578,deep1b100M
NeuRoute,61,15,6,4500,0.39,0.6,1,10000,20,96,519.999275,7714.359023,8281.290811,1207.541219,2429582715,2429582715,0.92988,deep1b100M
NeuRoute,62,15,6,4500,0.39,0.7,1,10000,20,96,557.097754,7689.187054,8293.412607,1205.776256,2424508127,2424508127,0.93075,deep1b100M
NeuRoute,63,15,6,5000,0.25,0.5,1,10000,20,96,296.435044,6818.616906,7151.093561,1398.387521,2199356430,2199356430,0.9103,deep1b100M
NeuRoute,64,15,6,5000,0.25,0.6,1,10000,20,96,322.612794,6845.318031,7203.704673,1388.17462,2196164694,2196164694,0.91294,deep1b100M
NeuRoute,65,15,6,5000,0.25,0.7,1,10000,20,96,335.003437,6819.992112,7190.349196,1390.75304,2195102055,2195102055,0.91327,deep1b100M
NeuRoute,66,15,6,5000,0.3,0.5,1,10000,20,96,372.889536,7509.317386,7923.746342,1262.029294,2402542270,2402542270,0.92362,deep1b100M
NeuRoute,67,15,6,5000,0.3,0.6,1,10000,20,96,418.001115,7487.269272,7945.800768,1258.526396,2395137487,2395137487,0.92713,deep1b100M
NeuRoute,68,15,6,5000,0.3,0.7,1,10000,20,96,442.046976,7513.895096,7996.44407,1250.555861,2391916059,2391916059,0.92771,deep1b100M
NeuRoute,69,15,6,5000,0.39,0.5,1,10000,20,96,474.21978,8277.470215,8800.564571,1136.290737,2612148639,2612148639,0.92898,deep1b100M
NeuRoute,70,15,6,5000,0.39,0.6,1,10000,20,96,533.579795,8228.335161,8810.53424,1135.004953,2602074444,2602074444,0.9326,deep1b100M
NeuRoute,71,15,6,5000,0.39,0.7,1,10000,20,96,571.822515,8158.104224,8778.620023,1139.131204,2596553967,2596553967,0.93319,deep1b100M
NeuRoute,72,15,7,3500,0.25,0.5,1,10000,20,96,298.335772,5516.228327,5847.178023,1710.226704,1764600072,1764600072,0.90439,deep1b100M
NeuRoute,73,15,7,3500,0.25,0.6,1,10000,20,96,330.134363,5497.854522,5862.302607,1705.814365,1760161391,1760161391,0.90946,deep1b100M
NeuRoute,74,15,7,3500,0.25,0.7,1,10000,20,96,344.501753,5530.473186,5908.972506,1692.341603,1759047146,1759047146,0.91019,deep1b100M
NeuRoute,75,15,7,3500,0.3,0.5,1,10000,20,96,372.208169,6074.536813,6486.734537,1541.607714,1932005075,1932005075,0.91624,deep1b100M
NeuRoute,76,15,7,3500,0.3,0.6,1,10000,20,96,430.974928,6044.218134,6513.793956,1535.203611,1924633033,1924633033,0.9219,deep1b100M
NeuRoute,77,15,7,3500,0.3,0.7,1,10000,20,96,461.499313,6049.786677,6549.945895,1526.730169,1921625480,1921625480,0.92299,deep1b100M
NeuRoute,78,15,7,3500,0.39,0.5,1,10000,20,96,493.892883,6996.958243,7540.169297,1326.230169,2201593005,2201593005,0.92226,deep1b100M
NeuRoute,79,15,7,3500,0.39,0.6,1,10000,20,96,562.91056,6992.190045,7604.587423,1314.995731,2193015813,2193015813,0.92696,deep1b100M
NeuRoute,80,15,7,3500,0.39,0.7,1,10000,20,96,605.091047,6964.632079,7618.836491,1312.536371,2188648316,2188648316,0.92804,deep1b100M
NeuRoute,81,15,7,4000,0.25,0.5,1,10000,20,96,307.37936,5994.617994,6337.083307,1578.013025,1931134061,1931134061,0.90862,deep1b100M
NeuRoute,82,15,7,4000,0.25,0.6,1,10000,20,96,340.616637,6049.18755,6425.164416,1556.380406,1927008579,1927008579,0.91288,deep1b100M
NeuRoute,83,15,7,4000,0.25,0.7,1,10000,20,96,355.892655,6024.33976,6415.129454,1558.814997,1925822951,1925822951,0.91339,deep1b100M
NeuRoute,84,15,7,4000,0.3,0.5,1,10000,20,96,392.486004,6684.434168,7118.314079,1404.827026,2118612996,2118612996,0.92143,deep1b100M
NeuRoute,85,15,7,4000,0.3,0.6,1,10000,20,96,447.851567,6626.93837,7115.597591,1405.36334,2110879452,2110879452,0.92642,deep1b100M
NeuRoute,86,15,7,4000,0.3,0.7,1,10000,20,96,477.54014,6691.011598,7209.007431,1387.153515,2107754964,2107754964,0.92737,deep1b100M
NeuRoute,87,15,7,4000,0.39,0.5,1,10000,20,96,519.353305,7618.443491,8215.403897,1217.225608,2398386080,2398386080,0.92723,deep1b100M
NeuRoute,88,15,7,4000,0.39,0.6,1,10000,20,96,594.261039,7613.133576,8260.565641,1210.570854,2388737006,2388737006,0.93191,deep1b100M
NeuRoute,89,15,7,4000,0.39,0.7,1,10000,20,96,638.421559,7576.140214,8266.268486,1209.735689,2383873798,2383873798,0.93309,deep1b100M
NeuRoute,90,15,7,4500,0.25,0.5,1,10000,20,96,314.644022,6510.869256,6861.285211,1457.452896,2082954464,2082954464,0.91194,deep1b100M
NeuRoute,91,15,7,4500,0.25,0.6,1,10000,20,96,345.752485,6456.296645,6837.307948,1462.563932,2079411628,2079411628,0.91548,deep1b100M
NeuRoute,92,15,7,4500,0.25,0.7,1,10000,20,96,361.665713,6458.348123,6856.08957,1458.557374,2078208934,2078208934,0.91588,deep1b100M
NeuRoute,93,15,7,4500,0.3,0.5,1,10000,20,96,405.839677,7110.609971,7559.226656,1322.886646,2292153553,2292153553,0.92522,deep1b100M
NeuRoute,94,15,7,4500,0.3,0.6,1,10000,20,96,459.240445,7252.57232,7754.493793,1289.574828,2284238340,2284238340,0.93015,deep1b100M
NeuRoute,95,15,7,4500,0.3,0.7,1,10000,20,96,490.409753,7140.548144,7672.856082,1303.295656,2280992172,2280992172,0.93072,deep1b100M
NeuRoute,96,15,7,4500,0.39,0.5,1,10000,20,96,540.090654,8173.54189,8767.121008,1140.625297,2584255875,2584255875,0.93143,deep1b100M
NeuRoute,97,15,7,4500,0.39,0.6,1,10000,20,96,613.581093,8313.575823,8979.910358,1113.596862,2573653941,2573653941,0.93594,deep1b100M
NeuRoute,98,15,7,4500,0.39,0.7,1,10000,20,96,662.3604,8195.631503,8910.587026,1122.260517,2568388043,2568388043,0.93678,deep1b100M
NeuRoute,99,15,7,5000,0.25,0.5,1,10000,20,96,320.515794,6910.020504,7267.807622,1375.930751,2222518239,2222518239,0.91438,deep1b100M
NeuRoute,100,15,7,5000,0.25,0.6,1,10000,20,96,349.551841,6865.980652,7253.237441,1378.694698,2219120817,2219120817,0.9172,deep1b100M
NeuRoute,101,15,7,5000,0.25,0.7,1,10000,20,96,362.441771,6933.214794,7333.065089,1363.686246,2218082403,2218082403,0.91755,deep1b100M
NeuRoute,102,15,7,5000,0.3,0.5,1,10000,20,96,417.388166,7722.508981,8183.446227,1221.979069,2454305911,2454305911,0.92855,deep1b100M
NeuRoute,103,15,7,5000,0.3,0.6,1,10000,20,96,469.831744,7608.865038,8122.148659,1231.201302,2446379324,2446379324,0.93252,deep1b100M
NeuRoute,104,15,7,5000,0.3,0.7,1,10000,20,96,499.196658,7723.731761,8265.624585,1209.829928,2443130273,2443130273,0.93314,deep1b100M
NeuRoute,105,15,7,5000,0.39,0.5,1,10000,20,96,556.799608,8761.514935,9373.418974,1066.846583,2760340574,2760340574,0.93499,deep1b100M
NeuRoute,106,15,7,5000,0.39,0.6,1,10000,20,96,632.979585,8750.967068,9439.654439,1059.360813,2749134011,2749134011,0.93916,deep1b100M
NeuRoute,107,15,7,5000,0.39,0.7,1,10000,20,96,681.958877,8745.993805,9483.651311,1054.446191,2743335630,2743335630,0.93989,deep1b100M
NeuRoute,0,15,5,10,0.25,0.5,1,10000,20,96,22.783187,332.048343,370.452307,26994.02814,92770105,92770105,0.20101,deep1b100M
NeuRoute,1,15,5,10,0.25,0.6,1,10000,20,96,21.732371,326.099375,362.245232,27605.60835,92771234,92771234,0.20177,deep1b100M
NeuRoute,2,15,5,10,0.25,0.7,1,10000,20,96,21.84351,330.105068,365.238902,27379.33978,92771898,92771898,0.20206,deep1b100M
NeuRoute,3,15,5,10,0.3,0.5,1,10000,20,96,26.359683,491.554626,535.425651,18676.72941,139788947,139788947,0.20425,deep1b100M
NeuRoute,4,15,5,10,0.3,0.6,1,10000,20,96,26.05505,490.20078,533.630666,18739.55272,139790523,139790523,0.20485,deep1b100M
NeuRoute,5,15,5,10,0.3,0.7,1,10000,20,96,25.952176,489.507276,533.04798,18760.03732,139790828,139790828,0.20511,deep1b100M
NeuRoute,6,15,5,10,0.39,0.5,1,10000,20,96,31.837535,716.200845,768.298321,13015.7775,204371573,204371573,0.2074,deep1b100M
NeuRoute,7,15,5,10,0.39,0.6,1,10000,20,96,31.61128,717.815551,769.688135,12992.27511,204372781,204372781,0.20808,deep1b100M
NeuRoute,8,15,5,10,0.39,0.7,1,10000,20,96,31.445037,713.480178,765.418875,13064.74184,204374008,204374008,0.20838,deep1b100M
NeuRoute,9,15,5,50,0.25,0.5,1,10000,20,96,27.696097,402.664366,445.133424,22465.1744,116544134,116544134,0.35808,deep1b100M
NeuRoute,10,15,5,50,0.25,0.6,1,10000,20,96,27.925307,402.808187,444.766464,22483.70956,116539642,116539642,0.36088,deep1b100M
NeuRoute,11,15,5,50,0.25,0.7,1,10000,20,96,27.803288,397.209046,438.889643,22784.77098,116541122,116541122,0.36202,deep1b100M
NeuRoute,12,15,5,50,0.3,0.5,1,10000,20,96,32.549484,568.47708,618.223344,16175.38402,163542736,163542736,0.36401,deep1b100M
NeuRoute,13,15,5,50,0.3,0.6,1,10000,20,96,32.605078,559.405268,609.299161,16412.29898,163547026,163547026,0.3672,deep1b100M
NeuRoute,14,15,5,50,0.3,0.7,1,10000,20,96,32.790777,562.543751,612.411644,16328.88613,163550358,163550358,0.36844,deep1b100M
NeuRoute,15,15,5,50,0.39,0.5,1,10000,20,96,38.79584,796.759245,856.314617,11677.95084,228118118,228118118,0.37545,deep1b100M
NeuRoute,16,15,5,50,0.39,0.6,1,10000,20,96,38.918562,791.379558,850.612484,11756.2347,228118150,228118150,0.37821,deep1b100M
NeuRoute,17,15,5,50,0.39,0.7,1,10000,20,96,38.770183,804.298905,863.715516,11577.88625,228123095,228123095,0.37936,deep1b100M
NeuRoute,18,15,5,100,0.25,0.5,1,10000,20,96,33.751324,485.922564,534.747566,18700.41237,145994453,145994453,0.44929,deep1b100M
NeuRoute,19,15,5,100,0.25,0.6,1,10000,20,96,34.097746,493.354581,541.655849,18461.90717,145985363,145985363,0.45491,deep1b100M
NeuRoute,20,15,5,100,0.25,0.7,1,10000,20,96,34.076245,487.641628,535.525129,18673.26006,145977422,145977422,0.45707,deep1b100M
NeuRoute,21,15,5,100,0.3,0.5,1,10000,20,96,39.094543,650.542685,706.877781,14146.71711,192957014,192957014,0.45986,deep1b100M
NeuRoute,22,15,5,100,0.3,0.6,1,10000,20,96,39.459389,661.797622,719.002192,13908.16344,192952359,192952359,0.4654,deep1b100M
NeuRoute,23,15,5,100,0.3,0.7,1,10000,20,96,39.663382,672.716586,729.951344,13699.54324,192937833,192937833,0.46773,deep1b100M
NeuRoute,24,15,5,100,0.39,0.5,1,10000,20,96,46.720183,879.567658,946.99269,10559.7436,257453854,257453854,0.47818,deep1b100M
NeuRoute,25,15,5,100,0.39,0.6,1,10000,20,96,47.110368,881.510893,949.078332,10536.5381,257425667,257425667,0.48367,deep1b100M
NeuRoute,26,15,5,100,0.39,0.7,1,10000,20,96,47.220444,886.932769,954.643749,10475.1118,257419567,257419567,0.48614,deep1b100M
NeuRoute,27,15,5,150,0.25,0.5,1,10000,20,96,39.508791,575.503243,630.029147,15872.28154,175143314,175143314,0.50895,deep1b100M
NeuRoute,28,15,5,150,0.25,0.6,1,10000,20,96,40.240287,579.825602,634.198748,15767.92769,175096037,175096037,0.51643,deep1b100M
NeuRoute,29,15,5,150,0.25,0.7,1,10000,20,96,40.590636,576.248866,631.091785,15845.55565,175070245,175070245,0.51933,deep1b100M
NeuRoute,30,15,5,150,0.3,0.5,1,10000,20,96,46.669348,745.600584,809.575889,12352.14652,222070465,222070465,0.52411,deep1b100M
NeuRoute,31,15,5,150,0.3,0.6,1,10000,20,96,47.199065,742.659704,807.442156,12384.78809,222024059,222024059,0.53141,deep1b100M
NeuRoute,32,15,5,150,0.3,0.7,1,10000,20,96,47.809843,748.420598,813.859445,12287.13393,222003848,222003848,0.53422,deep1b100M
NeuRoute,33,15,5,150,0.39,0.5,1,10000,20,96,56.417691,961.616582,1038.833469,9626.181961,286397138,286397138,0.54698,deep1b100M
NeuRoute,34,15,5,150,0.39,0.6,1,10000,20,96,57.505718,966.941306,1045.437499,9565.373358,286332331,286332331,0.5545,deep1b100M
NeuRoute,35,15,5,150,0.39,0.7,1,10000,20,96,57.823104,965.907873,1044.917972,9570.129204,286322974,286322974,0.55729,deep1b100M
NeuRoute,36,15,5,200,0.25,0.5,1,10000,20,96,46.230092,669.056112,731.600015,13668.67113,204051445,204051445,0.55528,deep1b100M
NeuRoute,37,15,5,200,0.25,0.6,1,10000,20,96,47.79775,662.822469,726.579723,13763.11461,203923133,203923133,0.56458,deep1b100M
NeuRoute,38,15,5,200,0.25,0.7,1,10000,20,96,48.01035,665.385048,729.812623,13702.14722,203877537,203877537,0.56811,deep1b100M
NeuRoute,39,15,5,200,0.3,0.5,1,10000,20,96,54.841627,832.018886,905.434684,11044.41897,250901932,250901932,0.57345,deep1b100M
NeuRoute,40,15,5,200,0.3,0.6,1,10000,20,96,56.27871,831.450096,906.403366,11032.61569,250732910,250732910,0.58255,deep1b100M
NeuRoute,41,15,5,200,0.3,0.7,1,10000,20,96,56.836599,833.588087,908.98429,11001.29024,250679352,250679352,0.58667,deep1b100M
NeuRoute,42,15,5,200,0.39,0.5,1,10000,20,96,67.030349,1052.439116,1140.547236,8767.721042,314960604,314960604,0.59753,deep1b100M
NeuRoute,43,15,5,200,0.39,0.6,1,10000,20,96,68.583451,1055.437074,1144.939837,8734.083379,314803478,314803478,0.60614,deep1b100M
NeuRoute,44,15,5,200,0.39,0.7,1,10000,20,96,69.283858,1067.154711,1157.932181,8636.084361,314755812,314755812,0.60978,deep1b100M
NeuRoute,45,15,5,250,0.25,0.5,1,10000,20,96,53.921196,759.499233,829.50573,12055.37182,232609564,232609564,0.59289,deep1b100M
NeuRoute,46,15,5,250,0.25,0.6,1,10000,20,96,55.100264,749.517721,820.489213,12187.85067,232400899,232400899,0.60435,deep1b100M
NeuRoute,47,15,5,250,0.25,0.7,1,10000,20,96,56.151962,757.177005,829.703241,12052.50203,232351289,232351289,0.60838,deep1b100M
NeuRoute,48,15,5,250,0.3,0.5,1,10000,20,96,63.777252,925.036849,1007.515612,9925.404511,279310315,279310315,0.61283,deep1b100M
NeuRoute,49,15,5,250,0.3,0.6,1,10000,20,96,65.646488,928.212771,1013.099223,9870.70148,279053175,279053175,0.62442,deep1b100M
NeuRoute,50,15,5,250,0.3,0.7,1,10000,20,96,66.693998,919.532257,1004.791639,9952.312113,278996688,278996688,0.62868,deep1b100M
NeuRoute,51,15,5,250,0.39,0.5,1,10000,20,96,78.786499,1144.04309,1244.614179,8034.618413,343262276,343262276,0.63658,deep1b100M
NeuRoute,52,15,5,250,0.39,0.6,1,10000,20,96,80.937865,1136.095474,1238.485482,8074.378057,343023308,343023308,0.64667,deep1b100M
NeuRoute,53,15,5,250,0.39,0.7,1,10000,20,96,81.792402,1145.583637,1248.885071,8007.141916,342949392,342949392,0.64983,deep1b100M
NeuRoute,54,15,6,10,0.25,0.5,1,10000,20,96,29.492415,433.599644,479.480549,20855.90338,122891961,122891961,0.20336,deep1b100M
NeuRoute,55,15,6,10,0.25,0.6,1,10000,20,96,29.338946,433.690134,479.117867,20871.69085,122893090,122893090,0.20412,deep1b100M
NeuRoute,56,15,6,10,0.25,0.7,1,10000,20,96,29.365727,432.065989,477.284119,20951.88087,122893754,122893754,0.20441,deep1b100M
NeuRoute,57,15,6,10,0.3,0.5,1,10000,20,96,37.436565,736.464913,794.52816,12586.08631,207426681,207426681,0.20728,deep1b100M
NeuRoute,58,15,6,10,0.3,0.6,1,10000,20,96,37.554506,724.357284,782.11277,12785.87997,207428257,207428257,0.20788,deep1b100M
NeuRoute,59,15,6,10,0.3,0.7,1,10000,20,96,37.479555,724.375237,782.857061,12773.72396,207428562,207428562,0.20814,deep1b100M
NeuRoute,60,15,6,10,0.39,0.5,1,10000,20,96,51.815095,1246.309287,1326.638406,7537.849014,363141347,363141347,0.21099,deep1b100M
NeuRoute,61,15,6,10,0.39,0.6,1,10000,20,96,51.114368,1254.012212,1333.754759,7497.63023,363142555,363142555,0.21167,deep1b100M
NeuRoute,62,15,6,10,0.39,0.7,1,10000,20,96,51.17374,1264.648696,1344.282108,7438.914749,363143782,363143782,0.21197,deep1b100M
NeuRoute,63,15,6,50,0.25,0.5,1,10000,20,96,35.56794,505.539557,558.000076,17921.14451,146666111,146666111,0.36043,deep1b100M
NeuRoute,64,15,6,50,0.25,0.6,1,10000,20,96,35.49321,508.113537,560.721834,17834.15482,146661619,146661619,0.36323,deep1b100M
NeuRoute,65,15,6,50,0.25,0.7,1,10000,20,96,35.560656,510.060058,562.380885,17781.5432,146663099,146663099,0.36437,deep1b100M
NeuRoute,66,15,6,50,0.3,0.5,1,10000,20,96,44.738026,802.449877,867.459718,11527.91282,231180376,231180376,0.36703,deep1b100M
NeuRoute,67,15,6,50,0.3,0.6,1,10000,20,96,44.396644,801.427415,866.582377,11539.58385,231184666,231184666,0.37022,deep1b100M
NeuRoute,68,15,6,50,0.3,0.7,1,10000,20,96,44.418245,799.683775,864.61624,11565.82486,231187998,231187998,0.37146,deep1b100M
NeuRoute,69,15,6,50,0.39,0.5,1,10000,20,96,58.793981,1338.356143,1425.30371,7016.04853,386888423,386888423,0.37903,deep1b100M
NeuRoute,70,15,6,50,0.39,0.6,1,10000,20,96,59.293589,1324.173701,1411.329088,7085.51966,386888455,386888455,0.38179,deep1b100M
NeuRoute,71,15,6,50,0.39,0.7,1,10000,20,96,59.372939,1367.565054,1454.53825,6875.034053,386893405,386893405,0.38294,deep1b100M
NeuRoute,72,15,6,100,0.25,0.5,1,10000,20,96,41.712386,591.349955,650.091457,15382.45103,176119111,176119111,0.45164,deep1b100M
NeuRoute,73,15,6,100,0.25,0.6,1,10000,20,96,41.868059,599.481958,658.09579,15195.35629,176110098,176110098,0.45728,deep1b100M
NeuRoute,74,15,6,100,0.25,0.7,1,10000,20,96,42.230871,593.760819,652.605544,15323.19192,176101849,176101849,0.45944,deep1b100M
NeuRoute,75,15,6,100,0.3,0.5,1,10000,20,96,51.080534,887.253493,959.034787,10427.15044,260597148,260597148,0.46289,deep1b100M
NeuRoute,76,15,6,100,0.3,0.6,1,10000,20,96,51.476599,888.383317,960.025911,10416.38552,260592335,260592335,0.46843,deep1b100M
NeuRoute,77,15,6,100,0.3,0.7,1,10000,20,96,51.586546,905.854705,978.032726,10224.60674,260577725,260577725,0.47077,deep1b100M
NeuRoute,78,15,6,100,0.39,0.5,1,10000,20,96,67.624186,1377.940917,1472.957078,6789.064087,416225668,416225668,0.48171,deep1b100M
NeuRoute,79,15,6,100,0.39,0.6,1,10000,20,96,67.582528,1450.075497,1545.336779,6471.081343,416197361,416197361,0.48724,deep1b100M
NeuRoute,80,15,6,100,0.39,0.7,1,10000,20,96,67.634666,1427.939457,1523.224643,6565.019839,416191232,416191232,0.48971,deep1b100M
NeuRoute,81,15,6,150,0.25,0.5,1,10000,20,96,47.479692,679.872454,744.217774,13436.92713,205270128,205270128,0.51136,deep1b100M
NeuRoute,82,15,6,150,0.25,0.6,1,10000,20,96,48.372451,687.857521,753.220966,13276.31658,205223830,205223830,0.51884,deep1b100M
NeuRoute,83,15,6,150,0.25,0.7,1,10000,20,96,48.793894,681.627835,747.586199,13376.38391,205198871,205198871,0.52176,deep1b100M
NeuRoute,84,15,6,150,0.3,0.5,1,10000,20,96,58.586089,976.406557,1055.893604,9470.651174,289714343,289714343,0.52724,deep1b100M
NeuRoute,85,15,6,150,0.3,0.6,1,10000,20,96,59.411982,977.007677,1056.977581,9460.938604,289667175,289667175,0.53458,deep1b100M
NeuRoute,86,15,6,150,0.3,0.7,1,10000,20,96,59.539032,978.855933,1058.9707,9443.131902,289645863,289645863,0.53738,deep1b100M
NeuRoute,87,15,6,150,0.39,0.5,1,10000,20,96,77.265698,1520.991865,1626.209841,6149.267916,445167538,445167538,0.55087,deep1b100M
NeuRoute,88,15,6,150,0.39,0.6,1,10000,20,96,78.128832,1502.647595,1608.418162,6217.288661,445101539,445101539,0.55835,deep1b100M
NeuRoute,89,15,6,150,0.39,0.7,1,10000,20,96,78.608414,1513.222644,1619.588339,6174.408496,445092101,445092101,0.56113,deep1b100M
NeuRoute,90,15,6,200,0.25,0.5,1,10000,20,96,54.176466,767.801988,839.299638,11914.69595,234174306,234174306,0.55801,deep1b100M
NeuRoute,91,15,6,200,0.25,0.6,1,10000,20,96,55.627896,781.180788,854.407531,11704.01669,234048456,234048456,0.56734,deep1b100M
NeuRoute,92,15,6,200,0.25,0.7,1,10000,20,96,56.343773,774.050168,847.846843,11794.58305,234005282,234005282,0.57094,deep1b100M
NeuRoute,93,15,6,200,0.3,0.5,1,10000,20,96,67.631741,1069.321637,1157.956216,8635.905107,318543056,318543056,0.57674,deep1b100M
NeuRoute,94,15,6,200,0.3,0.6,1,10000,20,96,68.604911,1063.05997,1152.727533,8675.076906,318375465,318375465,0.58585,deep1b100M
NeuRoute,95,15,6,200,0.3,0.7,1,10000,20,96,69.498672,1081.250751,1171.947018,8532.808946,318323091,318323091,0.59001,deep1b100M
NeuRoute,96,15,6,200,0.39,0.5,1,10000,20,96,88.999746,1657.807325,1775.255162,5632.993056,473726623,473726623,0.60177,deep1b100M
NeuRoute,97,15,6,200,0.39,0.6,1,10000,20,96,90.608502,1607.099923,1725.927835,5793.985007,473573183,473573183,0.61042,deep1b100M
NeuRoute,98,15,6,200,0.39,0.7,1,10000,20,96,91.166702,1598.491724,1718.250186,5819.874243,473525908,473525908,0.61409,deep1b100M
NeuRoute,99,15,6,250,0.25,0.5,1,10000,20,96,61.879173,855.206714,936.591509,10677.0133,262731110,262731110,0.59589,deep1b100M
NeuRoute,100,15,6,250,0.25,0.6,1,10000,20,96,63.62768,867.305968,949.265595,10534.45954,262525437,262525437,0.60746,deep1b100M
NeuRoute,101,15,6,250,0.25,0.7,1,10000,20,96,64.400063,864.893932,947.005364,10559.60228,262475773,262475773,0.6115,deep1b100M
NeuRoute,102,15,6,250,0.3,0.5,1,10000,20,96,76.556886,1154.430406,1252.193543,7985.985917,346963890,346963890,0.61671,deep1b100M
NeuRoute,103,15,6,250,0.3,0.6,1,10000,20,96,78.917395,1153.2742,1252.3887,7984.741478,346702873,346702873,0.62839,deep1b100M
NeuRoute,104,15,6,250,0.3,0.7,1,10000,20,96,79.768385,1161.777292,1262.668733,7919.733608,346641104,346641104,0.63268,deep1b100M
NeuRoute,105,15,6,250,0.39,0.5,1,10000,20,96,101.826198,1697.802782,1827.904727,5470.744647,502011031,502011031,0.64156,deep1b100M
NeuRoute,106,15,6,250,0.39,0.6,1,10000,20,96,104.218157,1642.053738,1775.212251,5633.129218,501774449,501774449,0.65175,deep1b100M
NeuRoute,107,15,6,250,0.39,0.7,1,10000,20,96,104.751169,1688.377646,1821.85014,5488.92567,501699797,501699797,0.65506,deep1b100M
NeuRoute,108,15,7,10,0.25,0.5,1,10000,20,96,36.569163,483.515137,537.55703,18602.67738,137924664,137924664,0.20399,deep1b100M
NeuRoute,109,15,7,10,0.25,0.6,1,10000,20,96,36.609059,488.483931,542.090175,18447.11537,137925793,137925793,0.20475,deep1b100M
NeuRoute,110,15,7,10,0.25,0.7,1,10000,20,96,36.552593,500.030827,554.166667,18045.11277,137926457,137926457,0.20504,deep1b100M
NeuRoute,111,15,7,10,0.3,0.5,1,10000,20,96,47.385515,842.217376,912.572308,10958.03578,249414074,249414074,0.20823,deep1b100M
NeuRoute,112,15,7,10,0.3,0.6,1,10000,20,96,47.51602,859.516549,929.704197,10756.10934,249415650,249415650,0.20883,deep1b100M
NeuRoute,113,15,7,10,0.3,0.7,1,10000,20,96,47.484962,861.810554,931.961562,10730.05627,249415955,249415955,0.20909,deep1b100M
NeuRoute,114,15,7,10,0.39,0.5,1,10000,20,96,70.227562,1722.71339,1827.768551,5471.152239,498958175,498958175,0.21243,deep1b100M
NeuRoute,115,15,7,10,0.39,0.6,1,10000,20,96,69.713245,1750.697838,1855.054826,5390.676254,498959383,498959383,0.21311,deep1b100M
NeuRoute,116,15,7,10,0.39,0.7,1,10000,20,96,69.687086,1673.707187,1778.266666,5623.453552,498960610,498960610,0.21341,deep1b100M
NeuRoute,117,15,7,50,0.25,0.5,1,10000,20,96,42.659297,555.082359,614.851253,16264.09632,161698814,161698814,0.36106,deep1b100M
NeuRoute,118,15,7,50,0.25,0.6,1,10000,20,96,42.870424,564.897909,625.386275,15990.11747,161694322,161694322,0.36386,deep1b100M
NeuRoute,119,15,7,50,0.25,0.7,1,10000,20,96,43.301093,563.458391,623.622588,16035.33963,161695802,161695802,0.365,deep1b100M
NeuRoute,120,15,7,50,0.3,0.5,1,10000,20,96,54.317161,916.857367,993.75313,10062.86139,273167769,273167769,0.36798,deep1b100M
NeuRoute,121,15,7,50,0.3,0.6,1,10000,20,96,54.522848,943.576034,1020.452311,9799.576023,273172059,273172059,0.37117,deep1b100M
NeuRoute,122,15,7,50,0.3,0.7,1,10000,20,96,54.666478,967.488355,1044.942879,9569.901093,273175391,273175391,0.37241,deep1b100M
NeuRoute,123,15,7,50,0.39,0.5,1,10000,20,96,78.468691,1850.183385,1962.329912,5095.983065,522705251,522705251,0.38047,deep1b100M
NeuRoute,124,15,7,50,0.39,0.6,1,10000,20,96,78.365056,1846.275425,1958.563167,5105.783754,522705283,522705283,0.38323,deep1b100M
NeuRoute,125,15,7,50,0.39,0.7,1,10000,20,96,78.804443,1845.471293,1957.705654,5108.020187,522710233,522710233,0.38438,deep1b100M
NeuRoute,126,15,7,100,0.25,0.5,1,10000,20,96,48.516812,653.346287,719.049161,13907.25495,191151976,191151976,0.45227,deep1b100M
NeuRoute,127,15,7,100,0.25,0.6,1,10000,20,96,48.785097,655.668024,721.12801,13867.16347,191143017,191143017,0.45791,deep1b100M
NeuRoute,128,15,7,100,0.25,0.7,1,10000,20,96,49.14873,649.482531,715.593012,13974.42378,191134768,191134768,0.46007,deep1b100M
NeuRoute,129,15,7,100,0.3,0.5,1,10000,20,96,61.197781,1046.412683,1129.660082,8852.22038,302584373,302584373,0.46384,deep1b100M
NeuRoute,130,15,7,100,0.3,0.6,1,10000,20,96,61.71336,1039.11033,1122.899437,8905.516977,302579560,302579560,0.46938,deep1b100M
NeuRoute,131,15,7,100,0.3,0.7,1,10000,20,96,62.082664,1035.808631,1119.707795,8930.901477,302564960,302564960,0.47172,deep1b100M
NeuRoute,132,15,7,100,0.39,0.5,1,10000,20,96,87.06067,1913.757575,2034.241812,4915.836427,552042364,552042364,0.48314,deep1b100M
NeuRoute,133,15,7,100,0.39,0.6,1,10000,20,96,87.632215,1856.018468,1977.205647,5057.642848,552013810,552013810,0.48866,deep1b100M
NeuRoute,134,15,7,100,0.39,0.7,1,10000,20,96,87.440193,1944.491815,2066.054329,4840.143775,552007652,552007652,0.49113,deep1b100M
NeuRoute,135,15,7,150,0.25,0.5,1,10000,20,96,54.781474,749.520136,821.645828,12170.69406,220301089,220301089,0.512,deep1b100M
NeuRoute,136,15,7,150,0.25,0.6,1,10000,20,96,55.313004,743.841016,816.458532,12248.01947,220254577,220254577,0.51948,deep1b100M
NeuRoute,137,15,7,150,0.25,0.7,1,10000,20,96,55.673391,733.878039,806.628907,12397.27453,220229441,220229441,0.5224,deep1b100M
NeuRoute,138,15,7,150,0.3,0.5,1,10000,20,96,68.660185,1110.90487,1201.59267,8322.287785,331701712,331701712,0.52818,deep1b100M
NeuRoute,139,15,7,150,0.3,0.6,1,10000,20,96,69.436114,1110.382157,1202.033019,8319.239024,331654976,331654976,0.53553,deep1b100M
NeuRoute,140,15,7,150,0.3,0.7,1,10000,20,96,69.659855,1109.323345,1201.399858,8323.623424,331633411,331633411,0.53833,deep1b100M
NeuRoute,141,15,7,150,0.39,0.5,1,10000,20,96,97.01484,2025.484372,2155.698288,4638.86809,580985423,580985423,0.55238,deep1b100M
NeuRoute,142,15,7,150,0.39,0.6,1,10000,20,96,98.143413,1922.967194,2055.3244,4865.412,580919125,580919125,0.55986,deep1b100M
NeuRoute,143,15,7,150,0.39,0.7,1,10000,20,96,98.690902,1972.109914,2105.308753,4749.897128,580909839,580909839,0.56264,deep1b100M
NeuRoute,144,15,7,200,0.25,0.5,1,10000,20,96,61.808229,822.277987,902.594152,11079.17659,249207265,249207265,0.55866,deep1b100M
NeuRoute,145,15,7,200,0.25,0.6,1,10000,20,96,62.51075,827.742123,908.706418,11004.65431,249081046,249081046,0.56799,deep1b100M
NeuRoute,146,15,7,200,0.25,0.7,1,10000,20,96,63.258356,823.267067,904.885091,11051.12693,249037940,249037940,0.57159,deep1b100M
NeuRoute,147,15,7,200,0.3,0.5,1,10000,20,96,77.545225,1224.068419,1324.004452,7552.844694,360529948,360529948,0.57774,deep1b100M
NeuRoute,148,15,7,200,0.3,0.6,1,10000,20,96,79.213231,1191.643009,1293.377644,7731.693869,360362670,360362670,0.58686,deep1b100M
NeuRoute,149,15,7,200,0.3,0.7,1,10000,20,96,79.795978,1196.627022,1299.050723,7697.928821,360310344,360310344,0.59102,deep1b100M
NeuRoute,150,15,7,200,0.39,0.5,1,10000,20,96,109.235021,2069.890293,2213.517073,4517.697253,609544653,609544653,0.60331,deep1b100M
NeuRoute,151,15,7,200,0.39,0.6,1,10000,20,96,111.028074,2089.793234,2234.476921,4475.320334,609390910,609390910,0.61195,deep1b100M
NeuRoute,152,15,7,200,0.39,0.7,1,10000,20,96,111.751333,2061.737631,2207.775446,4529.446153,609343731,609343731,0.61563,deep1b100M
NeuRoute,153,15,7,250,0.25,0.5,1,10000,20,96,69.096115,918.353731,1005.505081,9945.25059,277765245,277765245,0.59658,deep1b100M
NeuRoute,154,15,7,250,0.25,0.6,1,10000,20,96,70.930745,909.292751,998.470441,10015.31902,277558744,277558744,0.60814,deep1b100M
NeuRoute,155,15,7,250,0.25,0.7,1,10000,20,96,71.947858,913.998049,1004.390544,9956.286486,277509225,277509225,0.61218,deep1b100M
NeuRoute,156,15,7,250,0.3,0.5,1,10000,20,96,87.091297,1299.67626,1410.265658,7090.862593,388953556,388953556,0.61779,deep1b100M
NeuRoute,157,15,7,250,0.3,0.6,1,10000,20,96,89.479969,1298.206616,1410.671832,7088.820924,388695261,388695261,0.62946,deep1b100M
NeuRoute,158,15,7,250,0.3,0.7,1,10000,20,96,90.069408,1292.880751,1406.710452,7108.783464,388633580,388633580,0.63376,deep1b100M
NeuRoute,159,15,7,250,0.39,0.5,1,10000,20,96,122.306604,2210.964062,2366.924237,4224.892307,637827536,637827536,0.64321,deep1b100M
NeuRoute,160,15,7,250,0.39,0.6,1,10000,20,96,124.146514,2147.393459,2305.934968,4336.635742,637593575,637593575,0.65341,deep1b100M
NeuRoute,161,15,7,250,0.39,0.7,1,10000,20,96,126.13249,2147.47371,2307.932675,4332.882024,637519599,637519599,0.65672,deep1b100M
